{"timestamp":"2026-07-20T04:52:59.605Z","level":"LOG","message":"◇ injected env (1) from .env // tip: ⌘ suppress logs { quiet: true }"}
{"timestamp":"2026-07-20T04:52:59.606Z","level":"LOG","message":"Starting application..."}
{"timestamp":"2026-07-20T04:52:59.606Z","level":"LOG","message":"MONGO_URI: Loaded"}
{"timestamp":"2026-07-20T04:52:59.606Z","level":"LOG","message":"JWT_SECRET: Loaded"}
{"timestamp":"2026-07-20T04:52:59.608Z","level":"LOG","message":"Connecting to MongoDB..."}
{"timestamp":"2026-07-20T04:52:59.621Z","level":"LOG","message":"Dist Path: /home/u610568114/domains/deeppink-dove-588039.hostingersite.com/nodejs/dist"}
{"timestamp":"2026-07-20T04:52:59.621Z","level":"LOG","message":"About to start server..."}
{"timestamp":"2026-07-20T04:52:59.625Z","level":"LOG","message":"✅ Server running on port 5000"}
{"timestamp":"2026-07-20T04:52:59.636Z","level":"LOG","message":"GET /?nocache=1784523178.8344"}
{"timestamp":"2026-07-20T04:53:00.011Z","level":"LOG","message":"✅ MongoDB Connected"}
{"timestamp":"2026-07-20T04:53:00.011Z","level":"LOG","message":"Database Name: test"}
{"timestamp":"2026-07-20T04:53:00.153Z","level":"LOG","message":"✅ Admin already exists, skipping creation"}
{"timestamp":"2026-07-20T04:53:01.040Z","level":"LOG","message":"◇ injected env (1) from .env // tip: ⌘ override existing { override: true }"}
{"timestamp":"2026-07-20T04:53:01.040Z","level":"LOG","message":"Starting application..."}
{"timestamp":"2026-07-20T04:53:01.041Z","level":"LOG","message":"MONGO_URI: Loaded"}
{"timestamp":"2026-07-20T04:53:01.041Z","level":"LOG","message":"JWT_SECRET: Loaded"}
{"timestamp":"2026-07-20T04:53:01.042Z","level":"LOG","message":"Connecting to MongoDB..."}
{"timestamp":"2026-07-20T04:53:01.054Z","level":"LOG","message":"Dist Path: /home/u610568114/domains/deeppink-dove-588039.hostingersite.com/nodejs/dist"}
{"timestamp":"2026-07-20T04:53:01.054Z","level":"LOG","message":"About to start server..."}
{"timestamp":"2026-07-20T04:53:01.057Z","level":"LOG","message":"✅ Server running on port 5000"}
{"timestamp":"2026-07-20T04:53:01.086Z","level":"LOG","message":"GET /?&LSCWP_CTRL=before_optm&nocache=1784523180"}
{"timestamp":"2026-07-20T04:53:01.220Z","level":"LOG","message":"✅ MongoDB Connected"}
{"timestamp":"2026-07-20T04:53:01.221Z","level":"LOG","message":"Database Name: test"}
{"timestamp":"2026-07-20T04:53:01.253Z","level":"LOG","message":"GET /assets/index-DbhVSrIG.js"}
{"timestamp":"2026-07-20T04:53:01.254Z","level":"LOG","message":"GET /assets/index-BMf4nrPI.css"}
{"timestamp":"2026-07-20T04:53:01.357Z","level":"LOG","message":"✅ Admin already exists, skipping creation"}
{"timestamp":"2026-07-20T04:53:01.494Z","level":"LOG","message":"GET /api/products/categories"}
{"timestamp":"2026-07-20T04:53:01.498Z","level":"LOG","message":"GET /assets/Food%20_%20Beverages-5CdNv3ri.png"}
{"timestamp":"2026-07-20T04:53:01.499Z","level":"LOG","message":"GET /assets/radhe-logo-B_jxZqGy.png"}
{"timestamp":"2026-07-20T04:53:01.500Z","level":"LOG","message":"GET /assets/Pharna-DZBjz9Bb.png"}
{"timestamp":"2026-07-20T04:53:01.501Z","level":"LOG","message":"GET /assets/Home%20care-D5D2SBJK.png"}
{"timestamp":"2026-07-20T04:53:01.502Z","level":"LOG","message":"GET /api/products"}
{"timestamp":"2026-07-20T04:53:01.506Z","level":"LOG","message":"GET /assets/BOTTLE-CeeQORqf.png"}
{"timestamp":"2026-07-20T04:53:01.508Z","level":"LOG","message":"GET /assets/CAP-YPir5_aW.png"}
{"timestamp":"2026-07-20T04:53:01.511Z","level":"LOG","message":"GET /assets/JAR-D9NsdZGp.png"}
{"timestamp":"2026-07-20T04:53:01.513Z","level":"LOG","message":"GET /assets/Map-__M_oImN.jpeg"}
{"timestamp":"2026-07-20T04:53:01.514Z","level":"LOG","message":"GET /assets/Industrial-BGdZrctT.png"}
{"timestamp":"2026-07-20T04:53:01.515Z","level":"LOG","message":"GET /assets/PREFORMS-sWuwmMUw.png"}
{"timestamp":"2026-07-20T04:53:01.515Z","level":"LOG","message":"GET /assets/Personal%20Care-W2Lqo-5I.png"}
{"timestamp":"2026-07-20T04:53:01.515Z","level":"LOG","message":"GET /assets/MAHIDA%20_%20SONS-v_BYHAyC.png"}
{"timestamp":"2026-07-20T04:53:01.516Z","level":"LOG","message":"GET /assets/ASHWIN%20HEALTHCARE-DkmTNXEZ.png"}
{"timestamp":"2026-07-20T04:53:01.520Z","level":"LOG","message":"GET /assets/KALVERTS-B9GIIP_1.png"}
{"timestamp":"2026-07-20T04:53:01.525Z","level":"LOG","message":"GET /assets/HI%20FI%20INDIA-Baz4HqdH.png"}
{"timestamp":"2026-07-20T04:53:01.526Z","level":"LOG","message":"GET /assets/FLOWER%20BRAND-CdYGOHU3.png"}
{"timestamp":"2026-07-20T04:53:01.527Z","level":"LOG","message":"GET /assets/DR%20RASHEL%20BEAUTY-BEYd_P_-.png"}
{"timestamp":"2026-07-20T04:53:01.529Z","level":"LOG","message":"GET /assets/SIMANDHAR-4GAyAvK2.png"}
{"timestamp":"2026-07-20T04:53:01.529Z","level":"LOG","message":"GET /assets/ACPL%20LOGO-BjLoRMu6.png"}
{"timestamp":"2026-07-20T04:53:01.530Z","level":"LOG","message":"GET /assets/SOULFLOWER-_m6N4oRi.png"}
{"timestamp":"2026-07-20T04:53:01.533Z","level":"LOG","message":"GET /assets/HERBALHILLS-Bj5a8WLk.png"}
{"timestamp":"2026-07-20T04:53:01.534Z","level":"LOG","message":"GET /assets/Optisol%20Lenscare-BCi_yuAG.png"}
{"timestamp":"2026-07-20T04:53:01.535Z","level":"LOG","message":"GET /assets/ABHAY-wui2kW0U.png"}
{"timestamp":"2026-07-20T04:53:01.537Z","level":"LOG","message":"GET /assets/TIGER-DfBV1Yy-.png"}
{"timestamp":"2026-07-20T04:53:01.662Z","level":"LOG","message":"GET /api/products/categories"}
{"timestamp":"2026-07-20T04:53:01.664Z","level":"LOG","message":"GET /api/products"}
{"timestamp":"2026-07-20T04:53:01.836Z","level":"LOG","message":"GET /api/products/categories"}
{"timestamp":"2026-07-20T04:53:02.424Z","level":"LOG","message":"✅ SMTP Server is ready to send emails!"}
{"timestamp":"2026-07-20T04:53:05.762Z","level":"LOG","message":"GET /"}
{"timestamp":"2026-07-20T04:53:05.985Z","level":"LOG","message":"GET /assets/index-BMf4nrPI.css"}
{"timestamp":"2026-07-20T04:53:05.986Z","level":"LOG","message":"GET /assets/index-DbhVSrIG.js"}
{"timestamp":"2026-07-20T04:53:06.265Z","level":"LOG","message":"GET /assets/radhe-logo-B_jxZqGy.png"}
{"timestamp":"2026-07-20T04:53:06.266Z","level":"LOG","message":"GET /assets/Map-__M_oImN.jpeg"}
{"timestamp":"2026-07-20T04:53:06.266Z","level":"LOG","message":"GET /assets/Pharna-DZBjz9Bb.png"}
{"timestamp":"2026-07-20T04:53:06.267Z","level":"LOG","message":"GET /assets/Industrial-BGdZrctT.png"}
{"timestamp":"2026-07-20T04:53:06.268Z","level":"LOG","message":"GET /assets/BOTTLE-CeeQORqf.png"}
{"timestamp":"2026-07-20T04:53:06.271Z","level":"LOG","message":"GET /assets/Personal%20Care-W2Lqo-5I.png"}
{"timestamp":"2026-07-20T04:53:06.276Z","level":"LOG","message":"GET /assets/CAP-YPir5_aW.png"}
{"timestamp":"2026-07-20T04:53:06.277Z","level":"LOG","message":"GET /assets/Food%20_%20Beverages-5CdNv3ri.png"}
{"timestamp":"2026-07-20T04:53:06.277Z","level":"LOG","message":"GET /assets/Home%20care-D5D2SBJK.png"}
{"timestamp":"2026-07-20T04:53:06.278Z","level":"LOG","message":"GET /assets/JAR-D9NsdZGp.png"}
{"timestamp":"2026-07-20T04:53:06.280Z","level":"LOG","message":"GET /assets/ABHAY-wui2kW0U.png"}
{"timestamp":"2026-07-20T04:53:06.281Z","level":"LOG","message":"GET /assets/PREFORMS-sWuwmMUw.png"}
{"timestamp":"2026-07-20T04:53:06.284Z","level":"LOG","message":"GET /assets/MAHIDA%20_%20SONS-v_BYHAyC.png"}
{"timestamp":"2026-07-20T04:53:06.285Z","level":"LOG","message":"GET /assets/HERBALHILLS-Bj5a8WLk.png"}
{"timestamp":"2026-07-20T04:53:06.285Z","level":"LOG","message":"GET /assets/DR%20RASHEL%20BEAUTY-BEYd_P_-.png"}
{"timestamp":"2026-07-20T04:53:06.292Z","level":"LOG","message":"GET /assets/ACPL%20LOGO-BjLoRMu6.png"}
{"timestamp":"2026-07-20T04:53:06.296Z","level":"LOG","message":"GET /assets/FLOWER%20BRAND-CdYGOHU3.png"}
{"timestamp":"2026-07-20T04:53:06.297Z","level":"LOG","message":"GET /assets/ASHWIN%20HEALTHCARE-DkmTNXEZ.png"}
{"timestamp":"2026-07-20T04:53:06.300Z","level":"LOG","message":"GET /assets/SOULFLOWER-_m6N4oRi.png"}
{"timestamp":"2026-07-20T04:53:06.306Z","level":"LOG","message":"GET /assets/HI%20FI%20INDIA-Baz4HqdH.png"}
{"timestamp":"2026-07-20T04:53:06.307Z","level":"LOG","message":"GET /assets/SIMANDHAR-4GAyAvK2.png"}
{"timestamp":"2026-07-20T04:53:06.312Z","level":"LOG","message":"GET /assets/Optisol%20Lenscare-BCi_yuAG.png"}
{"timestamp":"2026-07-20T04:53:06.317Z","level":"LOG","message":"GET /assets/TIGER-DfBV1Yy-.png"}
{"timestamp":"2026-07-20T04:53:06.320Z","level":"LOG","message":"GET /assets/KALVERTS-B9GIIP_1.png"}
{"timestamp":"2026-07-20T04:53:06.745Z","level":"LOG","message":"GET /api/products"}
{"timestamp":"2026-07-20T04:53:06.747Z","level":"LOG","message":"GET /api/products/categories"}
{"timestamp":"2026-07-20T04:53:06.768Z","level":"LOG","message":"GET /api/products"}
{"timestamp":"2026-07-20T04:53:06.774Z","level":"LOG","message":"GET /api/products/categories"}
{"timestamp":"2026-07-20T04:53:06.808Z","level":"LOG","message":"GET /api/products/categories"}
{"timestamp":"2026-07-20T04:53:06.817Z","level":"LOG","message":"GET /favicon.svg"}
{"timestamp":"2026-07-20T04:53:09.524Z","level":"LOG","message":"GET /favicon.svg"}
{"timestamp":"2026-07-20T04:53:09.607Z","level":"LOG","message":"GET /api/products/categories"}
{"timestamp":"2026-07-20T04:53:09.610Z","level":"LOG","message":"GET /api/products"}
{"timestamp":"2026-07-20T04:53:09.611Z","level":"LOG","message":"GET /api/products/neck-sizes"}
{"timestamp":"2026-07-20T04:53:09.637Z","level":"LOG","message":"GET /api/products/categories"}
{"timestamp":"2026-07-20T04:53:15.778Z","level":"LOG","message":"GET /favicon.svg"}
{"timestamp":"2026-07-20T04:53:15.799Z","level":"LOG","message":"GET /assets/desktopversion-CYOHF4GK.mp4"}
{"timestamp":"2026-07-20T04:53:15.801Z","level":"LOG","message":"GET /assets/mobileversion-BxBZ8MdL.mp4"}
{"timestamp":"2026-07-20T04:53:15.829Z","level":"LOG","message":"GET /assets/desktopversion-CYOHF4GK.mp4"}
{"timestamp":"2026-07-20T04:53:15.836Z","level":"LOG","message":"GET /assets/finish-SvtEnSdp.jpeg"}
{"timestamp":"2026-07-20T04:53:15.837Z","level":"LOG","message":"GET /assets/botte-DlEKtSaN.jpeg"}
{"timestamp":"2026-07-20T04:53:15.837Z","level":"LOG","message":"GET /assets/neck-BkksI3Pp.jpeg"}
{"timestamp":"2026-07-20T04:53:15.846Z","level":"LOG","message":"GET /assets/WhatsApp%20Image%202026-07-01%20at%2010.11.38%20PM-Bg4dXVdB.jpeg"}
{"timestamp":"2026-07-20T04:53:15.849Z","level":"LOG","message":"GET /assets/Colour-T7q6LmgL.jpeg"}
{"timestamp":"2026-07-20T04:53:16.126Z","level":"LOG","message":"GET /api/products/categories"}
{"timestamp":"2026-07-20T04:53:18.611Z","level":"LOG","message":"GET /contact"}
{"timestamp":"2026-07-20T04:53:18.661Z","level":"LOG","message":"GET /assets/index-BMf4nrPI.css"}
{"timestamp":"2026-07-20T04:53:18.662Z","level":"LOG","message":"GET /assets/index-DbhVSrIG.js"}
{"timestamp":"2026-07-20T04:53:18.761Z","level":"LOG","message":"GET /assets/radhe-logo-B_jxZqGy.png"}
{"timestamp":"2026-07-20T04:53:18.820Z","level":"LOG","message":"GET /api/products/categories"}
{"timestamp":"2026-07-20T04:53:18.825Z","level":"LOG","message":"GET /favicon.svg"}
{"timestamp":"2026-07-20T07:13:15.737Z","level":"LOG","message":"◇ injected env (1) from .env // tip: ◈ encrypted .env [www.dotenvx.com]"}
{"timestamp":"2026-07-20T07:13:15.738Z","level":"LOG","message":"Starting application..."}
{"timestamp":"2026-07-20T07:13:15.738Z","level":"LOG","message":"MONGO_URI: Loaded"}
{"timestamp":"2026-07-20T07:13:15.738Z","level":"LOG","message":"JWT_SECRET: Loaded"}
{"timestamp":"2026-07-20T07:13:15.740Z","level":"LOG","message":"Connecting to MongoDB..."}
{"timestamp":"2026-07-20T07:13:15.752Z","level":"LOG","message":"Dist Path: /home/u610568114/domains/deeppink-dove-588039.hostingersite.com/nodejs/dist"}
{"timestamp":"2026-07-20T07:13:15.752Z","level":"LOG","message":"About to start server..."}
{"timestamp":"2026-07-20T07:13:15.755Z","level":"LOG","message":"✅ Server running on port 5000"}
{"timestamp":"2026-07-20T07:13:15.765Z","level":"LOG","message":"GET /"}
{"timestamp":"2026-07-20T07:13:16.157Z","level":"LOG","message":"✅ MongoDB Connected"}
{"timestamp":"2026-07-20T07:13:16.157Z","level":"LOG","message":"Database Name: test"}
{"timestamp":"2026-07-20T07:13:16.304Z","level":"LOG","message":"✅ Admin already exists, skipping creation"}
{"timestamp":"2026-07-20T07:13:17.101Z","level":"LOG","message":"✅ SMTP Server is ready to send emails!"}
{"timestamp":"2026-07-20T08:40:58.341Z","level":"LOG","message":"◇ injected env (1) from .env // tip: ⌘ custom filepath { path: '/custom/path/.env' }"}
{"timestamp":"2026-07-20T08:40:58.342Z","level":"LOG","message":"Starting application..."}
{"timestamp":"2026-07-20T08:40:58.342Z","level":"LOG","message":"MONGO_URI: Loaded"}
{"timestamp":"2026-07-20T08:40:58.342Z","level":"LOG","message":"JWT_SECRET: Loaded"}
{"timestamp":"2026-07-20T08:40:58.344Z","level":"LOG","message":"Connecting to MongoDB..."}
{"timestamp":"2026-07-20T08:40:58.356Z","level":"LOG","message":"Dist Path: /home/u610568114/domains/deeppink-dove-588039.hostingersite.com/nodejs/dist"}
{"timestamp":"2026-07-20T08:40:58.357Z","level":"LOG","message":"About to start server..."}
{"timestamp":"2026-07-20T08:40:58.361Z","level":"LOG","message":"✅ Server running on port 5000"}
{"timestamp":"2026-07-20T08:40:58.373Z","level":"LOG","message":"GET /"}
{"timestamp":"2026-07-20T08:40:58.514Z","level":"LOG","message":"GET /assets/index-DbhVSrIG.js"}
{"timestamp":"2026-07-20T08:40:58.549Z","level":"LOG","message":"GET /assets/index-BMf4nrPI.css"}
{"timestamp":"2026-07-20T08:40:58.798Z","level":"LOG","message":"GET /assets/Map-__M_oImN.jpeg"}
{"timestamp":"2026-07-20T08:40:58.800Z","level":"LOG","message":"GET /assets/Personal%20Care-W2Lqo-5I.png"}
{"timestamp":"2026-07-20T08:40:58.808Z","level":"LOG","message":"GET /assets/Industrial-BGdZrctT.png"}
{"timestamp":"2026-07-20T08:40:58.815Z","level":"LOG","message":"GET /assets/JAR-D9NsdZGp.png"}
{"timestamp":"2026-07-20T08:40:58.821Z","level":"LOG","message":"GET /assets/Food%20_%20Beverages-5CdNv3ri.png"}
{"timestamp":"2026-07-20T08:40:58.836Z","level":"LOG","message":"GET /assets/CAP-YPir5_aW.png"}
{"timestamp":"2026-07-20T08:40:58.839Z","level":"LOG","message":"GET /assets/Pharna-DZBjz9Bb.png"}
{"timestamp":"2026-07-20T08:40:58.839Z","level":"LOG","message":"GET /assets/PREFORMS-sWuwmMUw.png"}
{"timestamp":"2026-07-20T08:40:58.841Z","level":"LOG","message":"GET /assets/ABHAY-wui2kW0U.png"}
{"timestamp":"2026-07-20T08:40:58.843Z","level":"LOG","message":"GET /assets/FLOWER%20BRAND-CdYGOHU3.png"}
{"timestamp":"2026-07-20T08:40:58.845Z","level":"LOG","message":"GET /assets/BOTTLE-CeeQORqf.png"}
{"timestamp":"2026-07-20T08:40:58.847Z","level":"LOG","message":"GET /assets/Home%20care-D5D2SBJK.png"}
{"timestamp":"2026-07-20T08:40:58.848Z","level":"LOG","message":"GET /assets/radhe-logo-B_jxZqGy.png"}
{"timestamp":"2026-07-20T08:40:58.850Z","level":"LOG","message":"GET /assets/SIMANDHAR-4GAyAvK2.png"}
{"timestamp":"2026-07-20T08:40:58.857Z","level":"LOG","message":"GET /assets/DR%20RASHEL%20BEAUTY-BEYd_P_-.png"}
{"timestamp":"2026-07-20T08:40:58.871Z","level":"LOG","message":"GET /assets/Optisol%20Lenscare-BCi_yuAG.png"}
{"timestamp":"2026-07-20T08:40:58.888Z","level":"LOG","message":"GET /assets/HERBALHILLS-Bj5a8WLk.png"}
{"timestamp":"2026-07-20T08:40:58.904Z","level":"LOG","message":"GET /assets/ACPL%20LOGO-BjLoRMu6.png"}
{"timestamp":"2026-07-20T08:40:58.904Z","level":"LOG","message":"GET /assets/TIGER-DfBV1Yy-.png"}
{"timestamp":"2026-07-20T08:40:58.911Z","level":"LOG","message":"✅ MongoDB Connected"}
{"timestamp":"2026-07-20T08:40:58.911Z","level":"LOG","message":"Database Name: test"}
{"timestamp":"2026-07-20T08:40:58.923Z","level":"LOG","message":"GET /assets/KALVERTS-B9GIIP_1.png"}
{"timestamp":"2026-07-20T08:40:58.924Z","level":"LOG","message":"GET /assets/SOULFLOWER-_m6N4oRi.png"}
{"timestamp":"2026-07-20T08:40:58.936Z","level":"LOG","message":"GET /assets/MAHIDA%20_%20SONS-v_BYHAyC.png"}
{"timestamp":"2026-07-20T08:40:58.937Z","level":"LOG","message":"GET /assets/ASHWIN%20HEALTHCARE-DkmTNXEZ.png"}
{"timestamp":"2026-07-20T08:40:58.945Z","level":"LOG","message":"GET /assets/HI%20FI%20INDIA-Baz4HqdH.png"}
{"timestamp":"2026-07-20T08:40:59.001Z","level":"LOG","message":"✅ Admin already exists, skipping creation"}
{"timestamp":"2026-07-20T08:40:59.139Z","level":"LOG","message":"GET /api/products/categories"}
{"timestamp":"2026-07-20T08:40:59.142Z","level":"LOG","message":"GET /api/products"}
{"timestamp":"2026-07-20T08:40:59.182Z","level":"LOG","message":"GET /api/products/categories"}
{"timestamp":"2026-07-20T08:40:59.184Z","level":"LOG","message":"GET /api/products"}
{"timestamp":"2026-07-20T08:40:59.213Z","level":"LOG","message":"GET /favicon.svg"}
{"timestamp":"2026-07-20T08:40:59.225Z","level":"LOG","message":"GET /api/products/categories"}
{"timestamp":"2026-07-20T08:40:59.729Z","level":"LOG","message":"✅ SMTP Server is ready to send emails!"}
{"timestamp":"2026-07-20T08:41:02.770Z","level":"LOG","message":"GET /api/products/categories"}
{"timestamp":"2026-07-20T08:41:02.776Z","level":"LOG","message":"GET /api/products"}
{"timestamp":"2026-07-20T08:41:02.818Z","level":"LOG","message":"GET /api/products/categories"}
{"timestamp":"2026-07-20T08:41:02.861Z","level":"LOG","message":"GET /api/products/neck-sizes"}
{"timestamp":"2026-07-20T08:41:02.867Z","level":"LOG","message":"GET /favicon.svg"}
{"timestamp":"2026-07-20T08:41:06.398Z","level":"LOG","message":"GET /"}
{"timestamp":"2026-07-20T08:41:06.434Z","level":"LOG","message":"GET /assets/index-BMf4nrPI.css"}
{"timestamp":"2026-07-20T08:41:06.435Z","level":"LOG","message":"GET /assets/index-DbhVSrIG.js"}
{"timestamp":"2026-07-20T08:41:06.501Z","level":"LOG","message":"GET /assets/radhe-logo-B_jxZqGy.png"}
{"timestamp":"2026-07-20T08:41:06.524Z","level":"LOG","message":"GET /assets/Food%20_%20Beverages-5CdNv3ri.png"}
{"timestamp":"2026-07-20T08:41:06.531Z","level":"LOG","message":"GET /assets/Industrial-BGdZrctT.png"}
{"timestamp":"2026-07-20T08:41:06.534Z","level":"LOG","message":"GET /assets/JAR-D9NsdZGp.png"}
{"timestamp":"2026-07-20T08:41:06.535Z","level":"LOG","message":"GET /assets/BOTTLE-CeeQORqf.png"}
{"timestamp":"2026-07-20T08:41:06.536Z","level":"LOG","message":"GET /assets/ACPL%20LOGO-BjLoRMu6.png"}
{"timestamp":"2026-07-20T08:41:06.544Z","level":"LOG","message":"GET /assets/FLOWER%20BRAND-CdYGOHU3.png"}
{"timestamp":"2026-07-20T08:41:06.548Z","level":"LOG","message":"GET /assets/ASHWIN%20HEALTHCARE-DkmTNXEZ.png"}
{"timestamp":"2026-07-20T08:41:06.550Z","level":"LOG","message":"GET /assets/HI%20FI%20INDIA-Baz4HqdH.png"}
{"timestamp":"2026-07-20T08:41:06.552Z","level":"LOG","message":"GET /assets/MAHIDA%20_%20SONS-v_BYHAyC.png"}
{"timestamp":"2026-07-20T08:41:06.563Z","level":"LOG","message":"GET /assets/Map-__M_oImN.jpeg"}
{"timestamp":"2026-07-20T08:41:06.563Z","level":"LOG","message":"GET /assets/Pharna-DZBjz9Bb.png"}
{"timestamp":"2026-07-20T08:41:06.564Z","level":"LOG","message":"GET /assets/Personal%20Care-W2Lqo-5I.png"}
{"timestamp":"2026-07-20T08:41:06.565Z","level":"LOG","message":"GET /assets/Optisol%20Lenscare-BCi_yuAG.png"}
{"timestamp":"2026-07-20T08:41:06.573Z","level":"LOG","message":"GET /assets/CAP-YPir5_aW.png"}
{"timestamp":"2026-07-20T08:41:06.574Z","level":"LOG","message":"GET /api/products/categories"}
{"timestamp":"2026-07-20T08:41:06.578Z","level":"LOG","message":"GET /assets/Home%20care-D5D2SBJK.png"}
{"timestamp":"2026-07-20T08:41:06.580Z","level":"LOG","message":"GET /api/products"}
{"timestamp":"2026-07-20T08:41:06.586Z","level":"LOG","message":"GET /favicon.svg"}
{"timestamp":"2026-07-20T08:41:06.595Z","level":"LOG","message":"GET /assets/ABHAY-wui2kW0U.png"}
{"timestamp":"2026-07-20T08:41:06.599Z","level":"LOG","message":"GET /assets/KALVERTS-B9GIIP_1.png"}
{"timestamp":"2026-07-20T08:41:06.601Z","level":"LOG","message":"GET /assets/HERBALHILLS-Bj5a8WLk.png"}
{"timestamp":"2026-07-20T08:41:06.603Z","level":"LOG","message":"GET /api/products/categories"}
{"timestamp":"2026-07-20T08:41:06.604Z","level":"LOG","message":"GET /api/products"}
{"timestamp":"2026-07-20T08:41:06.625Z","level":"LOG","message":"GET /assets/SIMANDHAR-4GAyAvK2.png"}
{"timestamp":"2026-07-20T08:41:06.633Z","level":"LOG","message":"GET /assets/DR%20RASHEL%20BEAUTY-BEYd_P_-.png"}
{"timestamp":"2026-07-20T08:41:06.643Z","level":"LOG","message":"GET /api/products/categories"}
{"timestamp":"2026-07-20T08:41:06.651Z","level":"LOG","message":"GET /assets/SOULFLOWER-_m6N4oRi.png"}
{"timestamp":"2026-07-20T08:41:06.658Z","level":"LOG","message":"GET /assets/PREFORMS-sWuwmMUw.png"}
{"timestamp":"2026-07-20T08:41:06.660Z","level":"LOG","message":"GET /assets/TIGER-DfBV1Yy-.png"}
{"timestamp":"2026-07-20T10:54:25.964Z","level":"LOG","message":"◇ injected env (1) from .env // tip: ⌘ suppress logs { quiet: true }"}
{"timestamp":"2026-07-20T10:54:25.965Z","level":"LOG","message":"Starting application..."}
{"timestamp":"2026-07-20T10:54:25.965Z","level":"LOG","message":"MONGO_URI: Loaded"}
{"timestamp":"2026-07-20T10:54:25.965Z","level":"LOG","message":"JWT_SECRET: Loaded"}
{"timestamp":"2026-07-20T10:54:25.967Z","level":"LOG","message":"Connecting to MongoDB..."}
{"timestamp":"2026-07-20T10:54:25.984Z","level":"LOG","message":"Dist Path: /home/u610568114/domains/deeppink-dove-588039.hostingersite.com/nodejs/dist"}
{"timestamp":"2026-07-20T10:54:25.984Z","level":"LOG","message":"About to start server..."}
{"timestamp":"2026-07-20T10:54:25.987Z","level":"LOG","message":"✅ Server running on port 5000"}
{"timestamp":"2026-07-20T10:54:26.000Z","level":"LOG","message":"GET /apple-touch-icon-precomposed.png"}
{"timestamp":"2026-07-20T10:54:26.002Z","level":"LOG","message":"GET /"}
{"timestamp":"2026-07-20T10:54:26.004Z","level":"LOG","message":"GET /apple-touch-icon.png"}
{"timestamp":"2026-07-20T10:54:26.005Z","level":"LOG","message":"GET /"}
{"timestamp":"2026-07-20T10:54:26.054Z","level":"LOG","message":"GET /favicon.ico"}
{"timestamp":"2026-07-20T10:54:26.250Z","level":"LOG","message":"✅ MongoDB Connected"}
{"timestamp":"2026-07-20T10:54:26.250Z","level":"LOG","message":"Database Name: test"}
{"timestamp":"2026-07-20T10:54:26.396Z","level":"LOG","message":"✅ Admin already exists, skipping creation"}
{"timestamp":"2026-07-20T10:54:26.538Z","level":"LOG","message":"GET /favicon.svg"}
{"timestamp":"2026-07-20T10:54:27.342Z","level":"LOG","message":"GET /apple-touch-icon-120x120-precomposed.png"}
{"timestamp":"2026-07-20T10:54:27.524Z","level":"LOG","message":"✅ SMTP Server is ready to send emails!"}
{"timestamp":"2026-07-20T10:54:28.440Z","level":"LOG","message":"GET /apple-touch-icon-120x120.png"}
{"timestamp":"2026-07-20T10:54:29.410Z","level":"LOG","message":"GET /apple-touch-icon-precomposed.png"}
{"timestamp":"2026-07-20T10:54:30.339Z","level":"LOG","message":"GET /apple-touch-icon.png"}
{"timestamp":"2026-07-20T10:54:31.167Z","level":"LOG","message":"GET /favicon.svg"}
{"timestamp":"2026-07-20T10:54:31.764Z","level":"LOG","message":"GET /favicon.ico"}
{"timestamp":"2026-07-20T12:10:13.323Z","level":"LOG","message":"◇ injected env (1) from .env // tip: ◈ secrets for agents [www.dotenvx.com]"}
{"timestamp":"2026-07-20T12:10:13.324Z","level":"LOG","message":"Starting application..."}
{"timestamp":"2026-07-20T12:10:13.324Z","level":"LOG","message":"MONGO_URI: Loaded"}
{"timestamp":"2026-07-20T12:10:13.324Z","level":"LOG","message":"JWT_SECRET: Loaded"}
{"timestamp":"2026-07-20T12:10:13.326Z","level":"LOG","message":"Connecting to MongoDB..."}
{"timestamp":"2026-07-20T12:10:13.338Z","level":"LOG","message":"Dist Path: /home/u610568114/domains/deeppink-dove-588039.hostingersite.com/nodejs/dist"}
{"timestamp":"2026-07-20T12:10:13.338Z","level":"LOG","message":"About to start server..."}
{"timestamp":"2026-07-20T12:10:13.341Z","level":"LOG","message":"✅ Server running on port 5000"}
{"timestamp":"2026-07-20T12:10:13.353Z","level":"LOG","message":"GET /"}
{"timestamp":"2026-07-20T12:10:13.525Z","level":"LOG","message":"GET /assets/index-DbhVSrIG.js"}
{"timestamp":"2026-07-20T12:10:13.526Z","level":"LOG","message":"GET /assets/index-BMf4nrPI.css"}
{"timestamp":"2026-07-20T12:10:13.557Z","level":"LOG","message":"✅ MongoDB Connected"}
{"timestamp":"2026-07-20T12:10:13.557Z","level":"LOG","message":"Database Name: test"}
{"timestamp":"2026-07-20T12:10:13.732Z","level":"LOG","message":"✅ Admin already exists, skipping creation"}
{"timestamp":"2026-07-20T12:10:13.842Z","level":"LOG","message":"GET /assets/radhe-logo-B_jxZqGy.png"}
{"timestamp":"2026-07-20T12:10:13.845Z","level":"LOG","message":"GET /assets/Pharna-DZBjz9Bb.png"}
{"timestamp":"2026-07-20T12:10:13.847Z","level":"LOG","message":"GET /assets/Map-__M_oImN.jpeg"}
{"timestamp":"2026-07-20T12:10:14.533Z","level":"LOG","message":"GET /api/products"}
{"timestamp":"2026-07-20T12:10:14.537Z","level":"LOG","message":"GET /api/products/categories"}
{"timestamp":"2026-07-20T12:10:14.551Z","level":"LOG","message":"GET /assets/Personal%20Care-W2Lqo-5I.png"}
{"timestamp":"2026-07-20T12:10:14.557Z","level":"LOG","message":"GET /api/products"}
{"timestamp":"2026-07-20T12:10:14.570Z","level":"LOG","message":"GET /api/products/categories"}
{"timestamp":"2026-07-20T12:10:14.590Z","level":"LOG","message":"GET /assets/Food%20_%20Beverages-5CdNv3ri.png"}
{"timestamp":"2026-07-20T12:10:14.597Z","level":"LOG","message":"GET /api/products/categories"}
{"timestamp":"2026-07-20T12:10:14.612Z","level":"LOG","message":"GET /assets/Home%20care-D5D2SBJK.png"}
{"timestamp":"2026-07-20T12:10:14.690Z","level":"LOG","message":"GET /assets/Industrial-BGdZrctT.png"}
{"timestamp":"2026-07-20T12:10:14.748Z","level":"LOG","message":"GET /assets/BOTTLE-CeeQORqf.png"}
{"timestamp":"2026-07-20T12:10:14.790Z","level":"LOG","message":"GET /assets/JAR-D9NsdZGp.png"}
{"timestamp":"2026-07-20T12:10:14.851Z","level":"LOG","message":"GET /assets/CAP-YPir5_aW.png"}
{"timestamp":"2026-07-20T12:10:14.872Z","level":"LOG","message":"✅ SMTP Server is ready to send emails!"}
{"timestamp":"2026-07-20T12:10:14.968Z","level":"LOG","message":"GET /assets/PREFORMS-sWuwmMUw.png"}
{"timestamp":"2026-07-20T12:10:15.072Z","level":"LOG","message":"GET /assets/ABHAY-wui2kW0U.png"}
{"timestamp":"2026-07-20T12:10:15.161Z","level":"LOG","message":"GET /assets/ACPL%20LOGO-BjLoRMu6.png"}
{"timestamp":"2026-07-20T12:10:15.306Z","level":"LOG","message":"GET /assets/ASHWIN%20HEALTHCARE-DkmTNXEZ.png"}
{"timestamp":"2026-07-20T12:10:15.345Z","level":"LOG","message":"GET /assets/DR%20RASHEL%20BEAUTY-BEYd_P_-.png"}
{"timestamp":"2026-07-20T12:10:15.361Z","level":"LOG","message":"GET /assets/FLOWER%20BRAND-CdYGOHU3.png"}
{"timestamp":"2026-07-20T12:10:15.483Z","level":"LOG","message":"GET /assets/HERBALHILLS-Bj5a8WLk.png"}
{"timestamp":"2026-07-20T12:10:15.508Z","level":"LOG","message":"GET /assets/HI%20FI%20INDIA-Baz4HqdH.png"}
{"timestamp":"2026-07-20T12:10:15.545Z","level":"LOG","message":"GET /assets/KALVERTS-B9GIIP_1.png"}
{"timestamp":"2026-07-20T12:10:15.646Z","level":"LOG","message":"GET /assets/MAHIDA%20_%20SONS-v_BYHAyC.png"}
{"timestamp":"2026-07-20T12:10:15.702Z","level":"LOG","message":"GET /assets/Optisol%20Lenscare-BCi_yuAG.png"}
{"timestamp":"2026-07-20T12:10:15.737Z","level":"LOG","message":"GET /assets/SIMANDHAR-4GAyAvK2.png"}
{"timestamp":"2026-07-20T12:10:15.815Z","level":"LOG","message":"GET /assets/SOULFLOWER-_m6N4oRi.png"}
{"timestamp":"2026-07-20T12:10:15.883Z","level":"LOG","message":"GET /assets/TIGER-DfBV1Yy-.png"}
{"timestamp":"2026-07-20T12:10:32.726Z","level":"LOG","message":"GET /"}
{"timestamp":"2026-07-20T12:10:33.175Z","level":"LOG","message":"GET /assets/index-BMf4nrPI.css"}
{"timestamp":"2026-07-20T12:10:33.343Z","level":"LOG","message":"GET /assets/index-DbhVSrIG.js"}
{"timestamp":"2026-07-20T12:10:34.902Z","level":"LOG","message":"GET /assets/radhe-logo-B_jxZqGy.png"}
{"timestamp":"2026-07-20T12:10:34.905Z","level":"LOG","message":"GET /assets/JAR-D9NsdZGp.png"}
{"timestamp":"2026-07-20T12:10:34.910Z","level":"LOG","message":"GET /assets/ASHWIN%20HEALTHCARE-DkmTNXEZ.png"}
{"timestamp":"2026-07-20T12:10:34.911Z","level":"LOG","message":"GET /assets/Food%20_%20Beverages-5CdNv3ri.png"}
{"timestamp":"2026-07-20T12:10:34.912Z","level":"LOG","message":"GET /assets/HERBALHILLS-Bj5a8WLk.png"}
{"timestamp":"2026-07-20T12:10:34.918Z","level":"LOG","message":"GET /assets/Industrial-BGdZrctT.png"}
{"timestamp":"2026-07-20T12:10:34.918Z","level":"LOG","message":"GET /assets/ACPL%20LOGO-BjLoRMu6.png"}
{"timestamp":"2026-07-20T12:10:34.920Z","level":"LOG","message":"GET /assets/SIMANDHAR-4GAyAvK2.png"}
{"timestamp":"2026-07-20T12:10:34.922Z","level":"LOG","message":"GET /assets/TIGER-DfBV1Yy-.png"}
{"timestamp":"2026-07-20T12:10:34.923Z","level":"LOG","message":"GET /assets/MAHIDA%20_%20SONS-v_BYHAyC.png"}
{"timestamp":"2026-07-20T12:10:34.924Z","level":"LOG","message":"GET /assets/SOULFLOWER-_m6N4oRi.png"}
{"timestamp":"2026-07-20T12:10:34.940Z","level":"LOG","message":"GET /assets/ABHAY-wui2kW0U.png"}
{"timestamp":"2026-07-20T12:10:34.943Z","level":"LOG","message":"GET /assets/BOTTLE-CeeQORqf.png"}
{"timestamp":"2026-07-20T12:10:34.945Z","level":"LOG","message":"GET /assets/KALVERTS-B9GIIP_1.png"}
{"timestamp":"2026-07-20T12:10:35.338Z","level":"LOG","message":"GET /assets/Personal%20Care-W2Lqo-5I.png"}
{"timestamp":"2026-07-20T12:10:35.339Z","level":"LOG","message":"GET /assets/CAP-YPir5_aW.png"}
{"timestamp":"2026-07-20T12:10:35.339Z","level":"LOG","message":"GET /assets/FLOWER%20BRAND-CdYGOHU3.png"}
{"timestamp":"2026-07-20T12:10:35.340Z","level":"LOG","message":"GET /assets/Map-__M_oImN.jpeg"}
{"timestamp":"2026-07-20T12:10:35.341Z","level":"LOG","message":"GET /assets/Home%20care-D5D2SBJK.png"}
{"timestamp":"2026-07-20T12:10:35.346Z","level":"LOG","message":"GET /assets/Pharna-DZBjz9Bb.png"}
{"timestamp":"2026-07-20T12:10:35.359Z","level":"LOG","message":"GET /assets/DR%20RASHEL%20BEAUTY-BEYd_P_-.png"}
{"timestamp":"2026-07-20T12:10:35.359Z","level":"LOG","message":"GET /assets/PREFORMS-sWuwmMUw.png"}
{"timestamp":"2026-07-20T12:10:35.391Z","level":"LOG","message":"GET /assets/Optisol%20Lenscare-BCi_yuAG.png"}
{"timestamp":"2026-07-20T12:10:35.394Z","level":"LOG","message":"GET /assets/HI%20FI%20INDIA-Baz4HqdH.png"}
{"timestamp":"2026-07-20T12:10:35.408Z","level":"LOG","message":"GET /api/products/categories"}
{"timestamp":"2026-07-20T12:10:35.632Z","level":"LOG","message":"GET /api/products/categories"}
{"timestamp":"2026-07-20T12:10:35.803Z","level":"LOG","message":"GET /api/products"}
{"timestamp":"2026-07-20T12:10:35.825Z","level":"LOG","message":"GET /api/products/categories"}
{"timestamp":"2026-07-20T12:10:36.038Z","level":"LOG","message":"GET /api/products"}
{"timestamp":"2026-07-20T13:12:30.123Z","level":"LOG","message":"◇ injected env (1) from .env // tip: ◈ secrets for agents [www.dotenvx.com]"}
{"timestamp":"2026-07-20T13:12:30.124Z","level":"LOG","message":"Starting application..."}
{"timestamp":"2026-07-20T13:12:30.124Z","level":"LOG","message":"MONGO_URI: Loaded"}
{"timestamp":"2026-07-20T13:12:30.124Z","level":"LOG","message":"JWT_SECRET: Loaded"}
{"timestamp":"2026-07-20T13:12:30.126Z","level":"LOG","message":"Connecting to MongoDB..."}
{"timestamp":"2026-07-20T13:12:30.140Z","level":"LOG","message":"Dist Path: /home/u610568114/domains/deeppink-dove-588039.hostingersite.com/nodejs/dist"}
{"timestamp":"2026-07-20T13:12:30.140Z","level":"LOG","message":"About to start server..."}
{"timestamp":"2026-07-20T13:12:30.143Z","level":"LOG","message":"✅ Server running on port 5000"}
{"timestamp":"2026-07-20T13:12:30.156Z","level":"LOG","message":"GET /assets/radhe-logo-B_jxZqGy.png"}
{"timestamp":"2026-07-20T13:12:30.182Z","level":"LOG","message":"GET /assets/Map-__M_oImN.jpeg"}
{"timestamp":"2026-07-20T13:12:30.186Z","level":"LOG","message":"GET /assets/TIGER-DfBV1Yy-.png"}
{"timestamp":"2026-07-20T13:12:30.190Z","level":"LOG","message":"GET /assets/PREFORMS-sWuwmMUw.png"}
{"timestamp":"2026-07-20T13:12:30.191Z","level":"LOG","message":"GET /assets/Food%20_%20Beverages-5CdNv3ri.png"}
{"timestamp":"2026-07-20T13:12:30.193Z","level":"LOG","message":"GET /assets/ABHAY-wui2kW0U.png"}
{"timestamp":"2026-07-20T13:12:30.203Z","level":"LOG","message":"GET /assets/BOTTLE-CeeQORqf.png"}
{"timestamp":"2026-07-20T13:12:30.205Z","level":"LOG","message":"GET /assets/ASHWIN%20HEALTHCARE-DkmTNXEZ.png"}
{"timestamp":"2026-07-20T13:12:30.209Z","level":"LOG","message":"GET /assets/FLOWER%20BRAND-CdYGOHU3.png"}
{"timestamp":"2026-07-20T13:12:30.213Z","level":"LOG","message":"GET /assets/CAP-YPir5_aW.png"}
{"timestamp":"2026-07-20T13:12:30.216Z","level":"LOG","message":"GET /assets/MAHIDA%20_%20SONS-v_BYHAyC.png"}
{"timestamp":"2026-07-20T13:12:30.217Z","level":"LOG","message":"GET /assets/HI%20FI%20INDIA-Baz4HqdH.png"}
{"timestamp":"2026-07-20T13:12:30.224Z","level":"LOG","message":"GET /assets/SOULFLOWER-_m6N4oRi.png"}
{"timestamp":"2026-07-20T13:12:30.227Z","level":"LOG","message":"GET /assets/HERBALHILLS-Bj5a8WLk.png"}
{"timestamp":"2026-07-20T13:12:30.227Z","level":"LOG","message":"GET /assets/SIMANDHAR-4GAyAvK2.png"}
{"timestamp":"2026-07-20T13:12:30.330Z","level":"LOG","message":"✅ MongoDB Connected"}
{"timestamp":"2026-07-20T13:12:30.330Z","level":"LOG","message":"Database Name: test"}
{"timestamp":"2026-07-20T13:12:30.425Z","level":"LOG","message":"✅ Admin already exists, skipping creation"}
{"timestamp":"2026-07-20T13:12:31.644Z","level":"LOG","message":"✅ SMTP Server is ready to send emails!"}
{"timestamp":"2026-07-20T13:13:05.013Z","level":"LOG","message":"GET /assets/Optisol%20Lenscare-BCi_yuAG.png"}
{"timestamp":"2026-07-20T13:13:05.015Z","level":"LOG","message":"GET /assets/Home%20care-D5D2SBJK.png"}
{"timestamp":"2026-07-20T13:13:05.018Z","level":"LOG","message":"GET /api/products"}
{"timestamp":"2026-07-20T13:13:05.023Z","level":"LOG","message":"GET /assets/Personal%20Care-W2Lqo-5I.png"}
{"timestamp":"2026-07-20T13:13:05.024Z","level":"LOG","message":"GET /assets/Industrial-BGdZrctT.png"}
{"timestamp":"2026-07-20T13:13:05.025Z","level":"LOG","message":"GET /api/products/categories"}
{"timestamp":"2026-07-20T13:13:05.055Z","level":"LOG","message":"GET /assets/Pharna-DZBjz9Bb.png"}
{"timestamp":"2026-07-20T13:13:05.056Z","level":"LOG","message":"GET /assets/ACPL%20LOGO-BjLoRMu6.png"}
{"timestamp":"2026-07-20T13:13:05.066Z","level":"LOG","message":"GET /assets/JAR-D9NsdZGp.png"}
{"timestamp":"2026-07-20T13:13:05.067Z","level":"LOG","message":"GET /assets/KALVERTS-B9GIIP_1.png"}
{"timestamp":"2026-07-20T13:13:05.068Z","level":"LOG","message":"GET /assets/DR%20RASHEL%20BEAUTY-BEYd_P_-.png"}
{"timestamp":"2026-07-20T13:13:05.069Z","level":"LOG","message":"GET /favicon.svg"}
{"timestamp":"2026-07-21T04:30:37.358Z","level":"LOG","message":"◇ injected env (1) from .env // tip: ◈ secrets for agents [www.dotenvx.com]"}
{"timestamp":"2026-07-21T04:30:37.359Z","level":"LOG","message":"Starting application..."}
{"timestamp":"2026-07-21T04:30:37.359Z","level":"LOG","message":"MONGO_URI: Loaded"}
{"timestamp":"2026-07-21T04:30:37.359Z","level":"LOG","message":"JWT_SECRET: Loaded"}
{"timestamp":"2026-07-21T04:30:37.361Z","level":"LOG","message":"Connecting to MongoDB..."}
{"timestamp":"2026-07-21T04:30:37.372Z","level":"LOG","message":"Dist Path: /home/u610568114/domains/deeppink-dove-588039.hostingersite.com/nodejs/dist"}
{"timestamp":"2026-07-21T04:30:37.373Z","level":"LOG","message":"About to start server..."}
{"timestamp":"2026-07-21T04:30:37.375Z","level":"LOG","message":"✅ Server running on port 5000"}
{"timestamp":"2026-07-21T04:30:37.386Z","level":"LOG","message":"GET /"}
{"timestamp":"2026-07-21T04:30:37.550Z","level":"LOG","message":"GET /apple-touch-icon-120x120-precomposed.png"}
{"timestamp":"2026-07-21T04:30:37.587Z","level":"LOG","message":"✅ MongoDB Connected"}
{"timestamp":"2026-07-21T04:30:37.587Z","level":"LOG","message":"Database Name: test"}
{"timestamp":"2026-07-21T04:30:37.641Z","level":"LOG","message":"GET /apple-touch-icon-120x120.png"}
{"timestamp":"2026-07-21T04:30:37.664Z","level":"LOG","message":"✅ Admin already exists, skipping creation"}
{"timestamp":"2026-07-21T04:30:37.729Z","level":"LOG","message":"GET /apple-touch-icon-precomposed.png"}
{"timestamp":"2026-07-21T04:30:37.770Z","level":"LOG","message":"GET /apple-touch-icon.png"}
{"timestamp":"2026-07-21T04:30:37.786Z","level":"LOG","message":"GET /favicon.svg"}
{"timestamp":"2026-07-21T04:30:37.800Z","level":"LOG","message":"GET /favicon.ico"}
{"timestamp":"2026-07-21T04:30:37.977Z","level":"LOG","message":"GET /favicon.svg"}
{"timestamp":"2026-07-21T04:30:37.995Z","level":"LOG","message":"GET /favicon.ico"}
{"timestamp":"2026-07-21T04:30:38.762Z","level":"LOG","message":"✅ SMTP Server is ready to send emails!"}
{"timestamp":"2026-07-22T11:41:50.721Z","level":"LOG","message":"◇ injected env (1) from .env // tip: ⌘ override existing { override: true }"}
{"timestamp":"2026-07-22T11:41:50.722Z","level":"LOG","message":"Starting application..."}
{"timestamp":"2026-07-22T11:41:50.722Z","level":"LOG","message":"MONGO_URI: Loaded"}
{"timestamp":"2026-07-22T11:41:50.722Z","level":"LOG","message":"JWT_SECRET: Loaded"}
{"timestamp":"2026-07-22T11:41:50.724Z","level":"LOG","message":"Connecting to MongoDB..."}
{"timestamp":"2026-07-22T11:41:50.738Z","level":"LOG","message":"Dist Path: /home/u610568114/domains/deeppink-dove-588039.hostingersite.com/nodejs/dist"}
{"timestamp":"2026-07-22T11:41:50.738Z","level":"LOG","message":"About to start server..."}
{"timestamp":"2026-07-22T11:41:50.740Z","level":"LOG","message":"✅ Server running on port 5000"}
{"timestamp":"2026-07-22T11:41:50.750Z","level":"LOG","message":"GET /"}
{"timestamp":"2026-07-22T11:41:50.799Z","level":"LOG","message":"GET /assets/index-BMf4nrPI.css"}
{"timestamp":"2026-07-22T11:41:50.804Z","level":"LOG","message":"GET /assets/index-DbhVSrIG.js"}
{"timestamp":"2026-07-22T11:41:50.914Z","level":"LOG","message":"✅ MongoDB Connected"}
{"timestamp":"2026-07-22T11:41:50.914Z","level":"LOG","message":"Database Name: test"}
{"timestamp":"2026-07-22T11:41:51.048Z","level":"LOG","message":"GET /assets/radhe-logo-B_jxZqGy.png"}
{"timestamp":"2026-07-22T11:41:51.053Z","level":"LOG","message":"✅ Admin already exists, skipping creation"}
{"timestamp":"2026-07-22T11:41:51.068Z","level":"LOG","message":"GET /assets/Map-__M_oImN.jpeg"}
{"timestamp":"2026-07-22T11:41:51.252Z","level":"LOG","message":"GET /assets/Pharna-DZBjz9Bb.png"}
{"timestamp":"2026-07-22T11:41:51.253Z","level":"LOG","message":"GET /api/products/categories"}
{"timestamp":"2026-07-22T11:41:51.258Z","level":"LOG","message":"GET /api/products"}
{"timestamp":"2026-07-22T11:41:51.313Z","level":"LOG","message":"GET /api/products/categories"}
{"timestamp":"2026-07-22T11:41:51.589Z","level":"LOG","message":"GET /api/products"}
{"timestamp":"2026-07-22T11:41:51.590Z","level":"LOG","message":"GET /api/products/categories"}
{"timestamp":"2026-07-22T11:41:51.656Z","level":"LOG","message":"GET /assets/Personal%20Care-W2Lqo-5I.png"}
{"timestamp":"2026-07-22T11:41:51.739Z","level":"LOG","message":"GET /assets/Food%20_%20Beverages-5CdNv3ri.png"}
{"timestamp":"2026-07-22T11:41:51.763Z","level":"LOG","message":"GET /assets/Home%20care-D5D2SBJK.png"}
{"timestamp":"2026-07-22T11:41:51.864Z","level":"LOG","message":"GET /assets/Industrial-BGdZrctT.png"}
{"timestamp":"2026-07-22T11:41:51.953Z","level":"LOG","message":"GET /assets/BOTTLE-CeeQORqf.png"}
{"timestamp":"2026-07-22T11:41:51.961Z","level":"LOG","message":"GET /assets/JAR-D9NsdZGp.png"}
{"timestamp":"2026-07-22T11:41:52.066Z","level":"LOG","message":"GET /assets/CAP-YPir5_aW.png"}
{"timestamp":"2026-07-22T11:41:52.153Z","level":"LOG","message":"GET /assets/PREFORMS-sWuwmMUw.png"}
{"timestamp":"2026-07-22T11:41:52.176Z","level":"LOG","message":"✅ SMTP Server is ready to send emails!"}
{"timestamp":"2026-07-22T11:41:52.266Z","level":"LOG","message":"GET /assets/ABHAY-wui2kW0U.png"}
{"timestamp":"2026-07-22T11:41:52.394Z","level":"LOG","message":"GET /assets/ACPL%20LOGO-BjLoRMu6.png"}
{"timestamp":"2026-07-22T11:41:52.473Z","level":"LOG","message":"GET /assets/ASHWIN%20HEALTHCARE-DkmTNXEZ.png"}
{"timestamp":"2026-07-22T11:41:52.477Z","level":"LOG","message":"GET /assets/DR%20RASHEL%20BEAUTY-BEYd_P_-.png"}
{"timestamp":"2026-07-22T11:41:52.608Z","level":"LOG","message":"GET /assets/FLOWER%20BRAND-CdYGOHU3.png"}
{"timestamp":"2026-07-22T11:41:52.629Z","level":"LOG","message":"GET /assets/HERBALHILLS-Bj5a8WLk.png"}
{"timestamp":"2026-07-22T11:41:52.658Z","level":"LOG","message":"GET /assets/HI%20FI%20INDIA-Baz4HqdH.png"}
{"timestamp":"2026-07-22T11:41:52.779Z","level":"LOG","message":"GET /assets/KALVERTS-B9GIIP_1.png"}
{"timestamp":"2026-07-22T11:41:52.786Z","level":"LOG","message":"GET /assets/MAHIDA%20_%20SONS-v_BYHAyC.png"}
{"timestamp":"2026-07-22T11:41:52.842Z","level":"LOG","message":"GET /assets/Optisol%20Lenscare-BCi_yuAG.png"}
{"timestamp":"2026-07-22T11:41:52.930Z","level":"LOG","message":"GET /assets/SIMANDHAR-4GAyAvK2.png"}
{"timestamp":"2026-07-22T11:41:52.933Z","level":"LOG","message":"GET /assets/SOULFLOWER-_m6N4oRi.png"}
{"timestamp":"2026-07-22T11:41:52.988Z","level":"LOG","message":"GET /assets/TIGER-DfBV1Yy-.png"}
{"timestamp":"2026-07-22T11:41:58.021Z","level":"LOG","message":"GET /"}
{"timestamp":"2026-07-22T11:41:58.108Z","level":"LOG","message":"GET /assets/index-DbhVSrIG.js"}
{"timestamp":"2026-07-22T11:41:58.110Z","level":"LOG","message":"GET /assets/index-BMf4nrPI.css"}
{"timestamp":"2026-07-22T11:41:58.266Z","level":"LOG","message":"GET /assets/Map-__M_oImN.jpeg"}
{"timestamp":"2026-07-22T11:41:58.267Z","level":"LOG","message":"GET /assets/radhe-logo-B_jxZqGy.png"}
{"timestamp":"2026-07-22T11:41:58.268Z","level":"LOG","message":"GET /assets/Pharna-DZBjz9Bb.png"}
{"timestamp":"2026-07-22T11:41:58.445Z","level":"LOG","message":"GET /api/products/categories"}
{"timestamp":"2026-07-22T11:41:58.448Z","level":"LOG","message":"GET /api/products"}
{"timestamp":"2026-07-22T11:41:58.466Z","level":"LOG","message":"GET /api/products/categories"}
{"timestamp":"2026-07-22T11:41:58.671Z","level":"LOG","message":"GET /api/products/categories"}
{"timestamp":"2026-07-22T11:41:58.672Z","level":"LOG","message":"GET /api/products"}
{"timestamp":"2026-07-22T11:41:58.703Z","level":"LOG","message":"GET /assets/Personal%20Care-W2Lqo-5I.png"}
{"timestamp":"2026-07-22T11:41:58.753Z","level":"LOG","message":"GET /assets/Home%20care-D5D2SBJK.png"}
{"timestamp":"2026-07-22T11:41:58.754Z","level":"LOG","message":"GET /assets/Food%20_%20Beverages-5CdNv3ri.png"}
{"timestamp":"2026-07-22T11:41:58.867Z","level":"LOG","message":"GET /assets/Industrial-BGdZrctT.png"}
{"timestamp":"2026-07-22T11:41:58.916Z","level":"LOG","message":"GET /assets/BOTTLE-CeeQORqf.png"}
{"timestamp":"2026-07-22T11:41:58.923Z","level":"LOG","message":"GET /assets/JAR-D9NsdZGp.png"}
{"timestamp":"2026-07-22T11:41:59.069Z","level":"LOG","message":"GET /assets/CAP-YPir5_aW.png"}
{"timestamp":"2026-07-22T11:41:59.182Z","level":"LOG","message":"GET /assets/PREFORMS-sWuwmMUw.png"}
{"timestamp":"2026-07-22T11:41:59.254Z","level":"LOG","message":"GET /assets/ABHAY-wui2kW0U.png"}
{"timestamp":"2026-07-22T11:41:59.416Z","level":"LOG","message":"GET /assets/ACPL%20LOGO-BjLoRMu6.png"}
{"timestamp":"2026-07-22T11:41:59.419Z","level":"LOG","message":"GET /assets/ASHWIN%20HEALTHCARE-DkmTNXEZ.png"}
{"timestamp":"2026-07-22T11:41:59.458Z","level":"LOG","message":"GET /assets/DR%20RASHEL%20BEAUTY-BEYd_P_-.png"}
{"timestamp":"2026-07-22T11:41:59.549Z","level":"LOG","message":"GET /assets/FLOWER%20BRAND-CdYGOHU3.png"}
{"timestamp":"2026-07-22T11:41:59.573Z","level":"LOG","message":"GET /assets/HERBALHILLS-Bj5a8WLk.png"}
{"timestamp":"2026-07-22T11:41:59.583Z","level":"LOG","message":"GET /assets/HI%20FI%20INDIA-Baz4HqdH.png"}
{"timestamp":"2026-07-22T11:41:59.710Z","level":"LOG","message":"GET /assets/KALVERTS-B9GIIP_1.png"}
{"timestamp":"2026-07-22T11:41:59.716Z","level":"LOG","message":"GET /assets/MAHIDA%20_%20SONS-v_BYHAyC.png"}
{"timestamp":"2026-07-22T11:41:59.733Z","level":"LOG","message":"GET /assets/Optisol%20Lenscare-BCi_yuAG.png"}
{"timestamp":"2026-07-22T11:41:59.855Z","level":"LOG","message":"GET /assets/SIMANDHAR-4GAyAvK2.png"}
{"timestamp":"2026-07-22T11:41:59.872Z","level":"LOG","message":"GET /assets/TIGER-DfBV1Yy-.png"}
{"timestamp":"2026-07-22T11:41:59.877Z","level":"LOG","message":"GET /assets/SOULFLOWER-_m6N4oRi.png"}
{"timestamp":"2026-07-23T06:54:25.727Z","level":"LOG","message":"◇ injected env (1) from .env // tip: ⌘ custom filepath { path: '/custom/path/.env' }"}
{"timestamp":"2026-07-23T06:54:25.727Z","level":"LOG","message":"Starting application..."}
{"timestamp":"2026-07-23T06:54:25.728Z","level":"LOG","message":"MONGO_URI: Loaded"}
{"timestamp":"2026-07-23T06:54:25.728Z","level":"LOG","message":"JWT_SECRET: Loaded"}
{"timestamp":"2026-07-23T06:54:25.729Z","level":"LOG","message":"Connecting to MongoDB..."}
{"timestamp":"2026-07-23T06:54:25.739Z","level":"LOG","message":"Dist Path: /home/u610568114/domains/deeppink-dove-588039.hostingersite.com/nodejs/dist"}
{"timestamp":"2026-07-23T06:54:25.740Z","level":"LOG","message":"About to start server..."}
{"timestamp":"2026-07-23T06:54:25.742Z","level":"LOG","message":"✅ Server running on port 5000"}
{"timestamp":"2026-07-23T06:54:25.751Z","level":"LOG","message":"GET /"}
{"timestamp":"2026-07-23T06:54:25.913Z","level":"LOG","message":"GET /assets/index-DbhVSrIG.js"}
{"timestamp":"2026-07-23T06:54:25.915Z","level":"LOG","message":"GET /assets/index-BMf4nrPI.css"}
{"timestamp":"2026-07-23T06:54:25.976Z","level":"LOG","message":"✅ MongoDB Connected"}
{"timestamp":"2026-07-23T06:54:25.976Z","level":"LOG","message":"Database Name: test"}
{"timestamp":"2026-07-23T06:54:26.138Z","level":"LOG","message":"✅ Admin already exists, skipping creation"}
{"timestamp":"2026-07-23T06:54:26.249Z","level":"LOG","message":"GET /assets/radhe-logo-B_jxZqGy.png"}
{"timestamp":"2026-07-23T06:54:26.250Z","level":"LOG","message":"GET /assets/Pharna-DZBjz9Bb.png"}
{"timestamp":"2026-07-23T06:54:26.253Z","level":"LOG","message":"GET /assets/Map-__M_oImN.jpeg"}
{"timestamp":"2026-07-23T06:54:26.647Z","level":"LOG","message":"GET /api/products/categories"}
{"timestamp":"2026-07-23T06:54:26.650Z","level":"LOG","message":"GET /api/products"}
{"timestamp":"2026-07-23T06:54:26.665Z","level":"LOG","message":"GET /assets/Personal%20Care-W2Lqo-5I.png"}
{"timestamp":"2026-07-23T06:54:26.671Z","level":"LOG","message":"GET /api/products"}
{"timestamp":"2026-07-23T06:54:26.675Z","level":"LOG","message":"GET /api/products/categories"}
{"timestamp":"2026-07-23T06:54:26.686Z","level":"LOG","message":"GET /assets/Food%20_%20Beverages-5CdNv3ri.png"}
{"timestamp":"2026-07-23T06:54:26.692Z","level":"LOG","message":"GET /assets/Home%20care-D5D2SBJK.png"}
{"timestamp":"2026-07-23T06:54:26.706Z","level":"LOG","message":"GET /api/products/categories"}
{"timestamp":"2026-07-23T06:54:26.811Z","level":"LOG","message":"GET /assets/Industrial-BGdZrctT.png"}
{"timestamp":"2026-07-23T06:54:26.864Z","level":"LOG","message":"GET /assets/BOTTLE-CeeQORqf.png"}
{"timestamp":"2026-07-23T06:54:26.871Z","level":"LOG","message":"GET /assets/JAR-D9NsdZGp.png"}
{"timestamp":"2026-07-23T06:54:26.975Z","level":"LOG","message":"GET /assets/CAP-YPir5_aW.png"}
{"timestamp":"2026-07-23T06:54:27.066Z","level":"LOG","message":"GET /assets/PREFORMS-sWuwmMUw.png"}
{"timestamp":"2026-07-23T06:54:27.160Z","level":"LOG","message":"GET /assets/ABHAY-wui2kW0U.png"}
{"timestamp":"2026-07-23T06:54:27.267Z","level":"LOG","message":"✅ SMTP Server is ready to send emails!"}
{"timestamp":"2026-07-23T06:54:27.312Z","level":"LOG","message":"GET /assets/ACPL%20LOGO-BjLoRMu6.png"}
{"timestamp":"2026-07-23T06:54:27.323Z","level":"LOG","message":"GET /assets/ASHWIN%20HEALTHCARE-DkmTNXEZ.png"}
{"timestamp":"2026-07-23T06:54:27.354Z","level":"LOG","message":"GET /assets/DR%20RASHEL%20BEAUTY-BEYd_P_-.png"}
{"timestamp":"2026-07-23T06:54:27.468Z","level":"LOG","message":"GET /assets/FLOWER%20BRAND-CdYGOHU3.png"}
{"timestamp":"2026-07-23T06:54:27.473Z","level":"LOG","message":"GET /assets/HERBALHILLS-Bj5a8WLk.png"}
{"timestamp":"2026-07-23T06:54:27.489Z","level":"LOG","message":"GET /assets/HI%20FI%20INDIA-Baz4HqdH.png"}
{"timestamp":"2026-07-23T06:54:27.620Z","level":"LOG","message":"GET /assets/MAHIDA%20_%20SONS-v_BYHAyC.png"}
{"timestamp":"2026-07-23T06:54:27.621Z","level":"LOG","message":"GET /assets/KALVERTS-B9GIIP_1.png"}
{"timestamp":"2026-07-23T06:54:27.637Z","level":"LOG","message":"GET /assets/Optisol%20Lenscare-BCi_yuAG.png"}
{"timestamp":"2026-07-23T06:54:27.776Z","level":"LOG","message":"GET /assets/SIMANDHAR-4GAyAvK2.png"}
{"timestamp":"2026-07-23T06:54:27.788Z","level":"LOG","message":"GET /assets/SOULFLOWER-_m6N4oRi.png"}
{"timestamp":"2026-07-23T06:54:27.891Z","level":"LOG","message":"GET /assets/TIGER-DfBV1Yy-.png"}
{"timestamp":"2026-07-23T06:54:44.551Z","level":"LOG","message":"GET /"}
{"timestamp":"2026-07-23T06:54:45.068Z","level":"LOG","message":"GET /assets/index-DbhVSrIG.js"}
{"timestamp":"2026-07-23T06:54:45.167Z","level":"LOG","message":"GET /assets/index-BMf4nrPI.css"}
{"timestamp":"2026-07-23T06:54:46.324Z","level":"LOG","message":"GET /assets/ACPL%20LOGO-BjLoRMu6.png"}
{"timestamp":"2026-07-23T06:54:46.325Z","level":"LOG","message":"GET /assets/Map-__M_oImN.jpeg"}
{"timestamp":"2026-07-23T06:54:46.328Z","level":"LOG","message":"GET /assets/PREFORMS-sWuwmMUw.png"}
{"timestamp":"2026-07-23T06:54:46.329Z","level":"LOG","message":"GET /assets/DR%20RASHEL%20BEAUTY-BEYd_P_-.png"}
{"timestamp":"2026-07-23T06:54:46.330Z","level":"LOG","message":"GET /assets/ASHWIN%20HEALTHCARE-DkmTNXEZ.png"}
{"timestamp":"2026-07-23T06:54:46.340Z","level":"LOG","message":"GET /assets/Home%20care-D5D2SBJK.png"}
{"timestamp":"2026-07-23T06:54:46.341Z","level":"LOG","message":"GET /assets/Pharna-DZBjz9Bb.png"}
{"timestamp":"2026-07-23T06:54:46.367Z","level":"LOG","message":"GET /assets/KALVERTS-B9GIIP_1.png"}
{"timestamp":"2026-07-23T06:54:46.460Z","level":"LOG","message":"GET /assets/Personal%20Care-W2Lqo-5I.png"}
{"timestamp":"2026-07-23T06:54:46.465Z","level":"LOG","message":"GET /assets/radhe-logo-B_jxZqGy.png"}
{"timestamp":"2026-07-23T06:54:46.466Z","level":"LOG","message":"GET /assets/JAR-D9NsdZGp.png"}
{"timestamp":"2026-07-23T06:54:46.467Z","level":"LOG","message":"GET /assets/ABHAY-wui2kW0U.png"}
{"timestamp":"2026-07-23T06:54:46.475Z","level":"LOG","message":"GET /assets/FLOWER%20BRAND-CdYGOHU3.png"}
{"timestamp":"2026-07-23T06:54:46.481Z","level":"LOG","message":"GET /assets/BOTTLE-CeeQORqf.png"}
{"timestamp":"2026-07-23T06:54:46.492Z","level":"LOG","message":"GET /assets/CAP-YPir5_aW.png"}
{"timestamp":"2026-07-23T06:54:46.496Z","level":"LOG","message":"GET /assets/Industrial-BGdZrctT.png"}
{"timestamp":"2026-07-23T06:54:46.515Z","level":"LOG","message":"GET /assets/Food%20_%20Beverages-5CdNv3ri.png"}
{"timestamp":"2026-07-23T06:54:46.516Z","level":"LOG","message":"GET /assets/HERBALHILLS-Bj5a8WLk.png"}
{"timestamp":"2026-07-23T06:54:46.520Z","level":"LOG","message":"GET /assets/SOULFLOWER-_m6N4oRi.png"}
{"timestamp":"2026-07-23T06:54:46.527Z","level":"LOG","message":"GET /assets/Optisol%20Lenscare-BCi_yuAG.png"}
{"timestamp":"2026-07-23T06:54:46.528Z","level":"LOG","message":"GET /assets/TIGER-DfBV1Yy-.png"}
{"timestamp":"2026-07-23T06:54:46.530Z","level":"LOG","message":"GET /assets/HI%20FI%20INDIA-Baz4HqdH.png"}
{"timestamp":"2026-07-23T06:54:46.530Z","level":"LOG","message":"GET /assets/SIMANDHAR-4GAyAvK2.png"}
{"timestamp":"2026-07-23T06:54:46.534Z","level":"LOG","message":"GET /assets/MAHIDA%20_%20SONS-v_BYHAyC.png"}
{"timestamp":"2026-07-23T06:54:46.548Z","level":"LOG","message":"GET /api/products/categories"}
{"timestamp":"2026-07-23T06:54:46.746Z","level":"LOG","message":"GET /api/products/categories"}
{"timestamp":"2026-07-23T06:54:46.813Z","level":"LOG","message":"GET /api/products"}
{"timestamp":"2026-07-23T06:54:46.944Z","level":"LOG","message":"GET /api/products/categories"}
{"timestamp":"2026-07-23T06:54:47.043Z","level":"LOG","message":"GET /api/products"}
{"timestamp":"2026-07-23T09:37:03.963Z","level":"LOG","message":"GET /"}
{"timestamp":"2026-07-23T09:37:03.970Z","level":"LOG","message":"GET /favicon.ico"}
{"timestamp":"2026-07-23T09:37:03.971Z","level":"LOG","message":"GET /apple-touch-icon-precomposed.png"}
{"timestamp":"2026-07-23T09:37:03.973Z","level":"LOG","message":"GET /apple-touch-icon.png"}
{"timestamp":"2026-07-23T09:37:04.041Z","level":"LOG","message":"GET /favicon.svg"}
{"timestamp":"2026-07-25T10:43:04.970Z","level":"LOG","message":"◇ injected env (1) from .env // tip: ⌘ override existing { override: true }"}
{"timestamp":"2026-07-25T10:43:04.971Z","level":"LOG","message":"Starting application..."}
{"timestamp":"2026-07-25T10:43:04.971Z","level":"LOG","message":"MONGO_URI: Loaded"}
{"timestamp":"2026-07-25T10:43:04.971Z","level":"LOG","message":"JWT_SECRET: Loaded"}
{"timestamp":"2026-07-25T10:43:04.973Z","level":"LOG","message":"Connecting to MongoDB..."}
{"timestamp":"2026-07-25T10:43:04.987Z","level":"LOG","message":"Dist Path: /home/u610568114/domains/deeppink-dove-588039.hostingersite.com/nodejs/dist"}
{"timestamp":"2026-07-25T10:43:04.987Z","level":"LOG","message":"About to start server..."}
{"timestamp":"2026-07-25T10:43:04.991Z","level":"LOG","message":"✅ Server running on port 5000"}
{"timestamp":"2026-07-25T10:43:05.003Z","level":"LOG","message":"GET /"}
{"timestamp":"2026-07-25T10:43:05.034Z","level":"LOG","message":"GET /apple-touch-icon-precomposed.png"}
{"timestamp":"2026-07-25T10:43:05.038Z","level":"LOG","message":"GET /favicon.ico"}
{"timestamp":"2026-07-25T10:43:05.043Z","level":"LOG","message":"GET /apple-touch-icon.png"}
{"timestamp":"2026-07-25T10:43:05.176Z","level":"LOG","message":"GET /favicon.svg"}
{"timestamp":"2026-07-25T10:43:05.226Z","level":"LOG","message":"✅ MongoDB Connected"}
{"timestamp":"2026-07-25T10:43:05.226Z","level":"LOG","message":"Database Name: test"}
{"timestamp":"2026-07-25T10:43:05.389Z","level":"LOG","message":"✅ Admin already exists, skipping creation"}
{"timestamp":"2026-07-25T10:43:06.527Z","level":"LOG","message":"✅ SMTP Server is ready to send emails!"}
{"timestamp":"2026-07-25T10:52:20.947Z","level":"LOG","message":"GET /"}
{"timestamp":"2026-07-25T10:52:21.288Z","level":"LOG","message":"GET /assets/index-DbhVSrIG.js"}
{"timestamp":"2026-07-25T10:52:21.681Z","level":"LOG","message":"GET /assets/index-BMf4nrPI.css"}
{"timestamp":"2026-07-25T10:52:33.457Z","level":"LOG","message":"GET /"}
{"timestamp":"2026-07-25T10:52:33.880Z","level":"LOG","message":"GET /assets/index-DbhVSrIG.js"}
{"timestamp":"2026-07-25T10:52:33.882Z","level":"LOG","message":"GET /assets/index-BMf4nrPI.css"}
{"timestamp":"2026-07-25T10:52:34.845Z","level":"LOG","message":"GET /api/products/categories"}
{"timestamp":"2026-07-25T10:52:34.909Z","level":"LOG","message":"GET /assets/radhe-logo-B_jxZqGy.png"}
{"timestamp":"2026-07-25T10:52:34.913Z","level":"LOG","message":"GET /assets/Personal%20Care-W2Lqo-5I.png"}
{"timestamp":"2026-07-25T10:52:34.914Z","level":"LOG","message":"GET /assets/Pharna-DZBjz9Bb.png"}
{"timestamp":"2026-07-25T10:52:34.918Z","level":"LOG","message":"GET /assets/BOTTLE-CeeQORqf.png"}
{"timestamp":"2026-07-25T10:52:34.919Z","level":"LOG","message":"GET /assets/HI%20FI%20INDIA-Baz4HqdH.png"}
{"timestamp":"2026-07-25T10:52:34.936Z","level":"LOG","message":"GET /assets/Home%20care-D5D2SBJK.png"}
{"timestamp":"2026-07-25T10:52:34.942Z","level":"LOG","message":"GET /assets/MAHIDA%20_%20SONS-v_BYHAyC.png"}
{"timestamp":"2026-07-25T10:52:34.943Z","level":"LOG","message":"GET /assets/TIGER-DfBV1Yy-.png"}
{"timestamp":"2026-07-25T10:52:34.948Z","level":"LOG","message":"GET /assets/DR%20RASHEL%20BEAUTY-BEYd_P_-.png"}
{"timestamp":"2026-07-25T10:52:35.044Z","level":"LOG","message":"GET /api/products/categories"}
{"timestamp":"2026-07-25T10:52:35.046Z","level":"LOG","message":"GET /assets/Industrial-BGdZrctT.png"}
{"timestamp":"2026-07-25T10:52:35.047Z","level":"LOG","message":"GET /assets/ABHAY-wui2kW0U.png"}
{"timestamp":"2026-07-25T10:52:35.049Z","level":"LOG","message":"GET /assets/ASHWIN%20HEALTHCARE-DkmTNXEZ.png"}
{"timestamp":"2026-07-25T10:52:35.050Z","level":"LOG","message":"GET /assets/ACPL%20LOGO-BjLoRMu6.png"}
{"timestamp":"2026-07-25T10:52:35.058Z","level":"LOG","message":"GET /assets/Map-__M_oImN.jpeg"}
{"timestamp":"2026-07-25T10:52:35.061Z","level":"LOG","message":"GET /assets/FLOWER%20BRAND-CdYGOHU3.png"}
{"timestamp":"2026-07-25T10:52:35.068Z","level":"LOG","message":"GET /assets/KALVERTS-B9GIIP_1.png"}
{"timestamp":"2026-07-25T10:52:35.075Z","level":"LOG","message":"GET /assets/SIMANDHAR-4GAyAvK2.png"}
{"timestamp":"2026-07-25T10:52:35.075Z","level":"LOG","message":"GET /assets/Optisol%20Lenscare-BCi_yuAG.png"}
{"timestamp":"2026-07-25T10:52:35.092Z","level":"LOG","message":"GET /assets/CAP-YPir5_aW.png"}
{"timestamp":"2026-07-25T10:52:35.096Z","level":"LOG","message":"GET /assets/HERBALHILLS-Bj5a8WLk.png"}
{"timestamp":"2026-07-25T10:52:35.096Z","level":"LOG","message":"GET /assets/PREFORMS-sWuwmMUw.png"}
{"timestamp":"2026-07-25T10:52:35.104Z","level":"LOG","message":"GET /assets/JAR-D9NsdZGp.png"}
{"timestamp":"2026-07-25T10:52:35.108Z","level":"LOG","message":"GET /assets/Food%20_%20Beverages-5CdNv3ri.png"}
{"timestamp":"2026-07-25T10:52:35.152Z","level":"LOG","message":"GET /assets/SOULFLOWER-_m6N4oRi.png"}
{"timestamp":"2026-07-25T10:52:35.242Z","level":"LOG","message":"GET /api/products/categories"}
{"timestamp":"2026-07-25T10:52:35.246Z","level":"LOG","message":"GET /api/products"}
{"timestamp":"2026-07-25T10:52:35.447Z","level":"LOG","message":"GET /api/products"}
{"timestamp":"2026-07-25T13:40:32.916Z","level":"LOG","message":"GET /"}
{"timestamp":"2026-07-25T13:40:33.114Z","level":"LOG","message":"GET /assets/index-BMf4nrPI.css"}
{"timestamp":"2026-07-25T13:40:33.119Z","level":"LOG","message":"GET /assets/index-DbhVSrIG.js"}
{"timestamp":"2026-07-25T13:40:33.490Z","level":"LOG","message":"GET /assets/radhe-logo-B_jxZqGy.png"}
{"timestamp":"2026-07-25T13:40:33.491Z","level":"LOG","message":"GET /assets/Map-__M_oImN.jpeg"}
{"timestamp":"2026-07-25T13:40:33.492Z","level":"LOG","message":"GET /assets/Pharna-DZBjz9Bb.png"}
{"timestamp":"2026-07-25T13:40:33.646Z","level":"LOG","message":"GET /"}
{"timestamp":"2026-07-25T13:40:33.841Z","level":"LOG","message":"GET /assets/index-DbhVSrIG.js"}
{"timestamp":"2026-07-25T13:40:33.874Z","level":"LOG","message":"GET /assets/index-BMf4nrPI.css"}
{"timestamp":"2026-07-25T13:40:34.067Z","level":"LOG","message":"GET /assets/radhe-logo-B_jxZqGy.png"}
{"timestamp":"2026-07-25T13:40:34.073Z","level":"LOG","message":"GET /assets/Personal%20Care-W2Lqo-5I.png"}
{"timestamp":"2026-07-25T13:40:34.080Z","level":"LOG","message":"GET /assets/Food%20_%20Beverages-5CdNv3ri.png"}
{"timestamp":"2026-07-25T13:40:34.080Z","level":"LOG","message":"GET /assets/Map-__M_oImN.jpeg"}
{"timestamp":"2026-07-25T13:40:34.081Z","level":"LOG","message":"GET /assets/Home%20care-D5D2SBJK.png"}
{"timestamp":"2026-07-25T13:40:34.082Z","level":"LOG","message":"GET /assets/Pharna-DZBjz9Bb.png"}
{"timestamp":"2026-07-25T13:40:34.096Z","level":"LOG","message":"GET /assets/JAR-D9NsdZGp.png"}
{"timestamp":"2026-07-25T13:40:34.097Z","level":"LOG","message":"GET /assets/Industrial-BGdZrctT.png"}
{"timestamp":"2026-07-25T13:40:34.110Z","level":"LOG","message":"GET /assets/PREFORMS-sWuwmMUw.png"}
{"timestamp":"2026-07-25T13:40:34.110Z","level":"LOG","message":"GET /assets/CAP-YPir5_aW.png"}
{"timestamp":"2026-07-25T13:40:34.111Z","level":"LOG","message":"GET /assets/FLOWER%20BRAND-CdYGOHU3.png"}
{"timestamp":"2026-07-25T13:40:34.111Z","level":"LOG","message":"GET /assets/HI%20FI%20INDIA-Baz4HqdH.png"}
{"timestamp":"2026-07-25T13:40:34.112Z","level":"LOG","message":"GET /assets/ASHWIN%20HEALTHCARE-DkmTNXEZ.png"}
{"timestamp":"2026-07-25T13:40:34.113Z","level":"LOG","message":"GET /assets/Optisol%20Lenscare-BCi_yuAG.png"}
{"timestamp":"2026-07-25T13:40:34.115Z","level":"LOG","message":"GET /assets/BOTTLE-CeeQORqf.png"}
{"timestamp":"2026-07-25T13:40:34.116Z","level":"LOG","message":"GET /assets/ABHAY-wui2kW0U.png"}
{"timestamp":"2026-07-25T13:40:34.118Z","level":"LOG","message":"GET /assets/MAHIDA%20_%20SONS-v_BYHAyC.png"}
{"timestamp":"2026-07-25T13:40:34.119Z","level":"LOG","message":"GET /assets/HERBALHILLS-Bj5a8WLk.png"}
{"timestamp":"2026-07-25T13:40:34.122Z","level":"LOG","message":"GET /assets/KALVERTS-B9GIIP_1.png"}
{"timestamp":"2026-07-25T13:40:34.127Z","level":"LOG","message":"GET /assets/SOULFLOWER-_m6N4oRi.png"}
{"timestamp":"2026-07-25T13:40:34.137Z","level":"LOG","message":"GET /assets/SIMANDHAR-4GAyAvK2.png"}
{"timestamp":"2026-07-25T13:40:34.142Z","level":"LOG","message":"GET /assets/ACPL%20LOGO-BjLoRMu6.png"}
{"timestamp":"2026-07-25T13:40:34.144Z","level":"LOG","message":"GET /assets/DR%20RASHEL%20BEAUTY-BEYd_P_-.png"}
{"timestamp":"2026-07-25T13:40:34.145Z","level":"LOG","message":"GET /assets/TIGER-DfBV1Yy-.png"}
{"timestamp":"2026-07-25T13:40:34.522Z","level":"LOG","message":"GET /api/products/categories"}
{"timestamp":"2026-07-25T13:40:34.525Z","level":"LOG","message":"GET /api/products"}
{"timestamp":"2026-07-25T13:40:34.551Z","level":"LOG","message":"GET /api/products"}
{"timestamp":"2026-07-25T13:40:34.553Z","level":"LOG","message":"GET /api/products/categories"}
{"timestamp":"2026-07-25T13:40:34.564Z","level":"LOG","message":"GET /favicon.svg"}
{"timestamp":"2026-07-25T13:40:34.584Z","level":"LOG","message":"GET /api/products/categories"}
{"timestamp":"2026-07-25T13:40:36.743Z","level":"LOG","message":"GET /favicon.svg"}
{"timestamp":"2026-07-25T13:40:36.747Z","level":"LOG","message":"GET /assets/finish-SvtEnSdp.jpeg"}
{"timestamp":"2026-07-25T13:40:36.748Z","level":"LOG","message":"GET /assets/desktopversion-CYOHF4GK.mp4"}
{"timestamp":"2026-07-25T13:40:36.750Z","level":"LOG","message":"GET /assets/mobileversion-BxBZ8MdL.mp4"}
{"timestamp":"2026-07-25T13:40:36.750Z","level":"LOG","message":"GET /assets/botte-DlEKtSaN.jpeg"}
{"timestamp":"2026-07-25T13:40:36.751Z","level":"LOG","message":"GET /assets/neck-BkksI3Pp.jpeg"}
{"timestamp":"2026-07-25T13:40:36.761Z","level":"LOG","message":"GET /assets/WhatsApp%20Image%202026-07-01%20at%2010.11.38%20PM-Bg4dXVdB.jpeg"}
{"timestamp":"2026-07-25T13:40:36.768Z","level":"LOG","message":"GET /assets/Colour-T7q6LmgL.jpeg"}
{"timestamp":"2026-07-25T13:40:37.069Z","level":"LOG","message":"GET /api/products/categories"}
{"timestamp":"2026-07-25T13:45:31.698Z","level":"LOG","message":"GET /assets/desktopversion-CYOHF4GK.mp4"}
{"timestamp":"2026-07-25T13:45:31.708Z","level":"LOG","message":"GET /assets/desktopversion-CYOHF4GK.mp4"}
{"timestamp":"2026-07-25T13:46:41.144Z","level":"LOG","message":"GET /assets/desktopversion-CYOHF4GK.mp4"}
{"timestamp":"2026-07-25T13:49:30.190Z","level":"LOG","message":"GET /assets/desktopversion-CYOHF4GK.mp4"}
{"timestamp":"2026-07-25T13:49:30.201Z","level":"LOG","message":"GET /assets/desktopversion-CYOHF4GK.mp4"}
{"timestamp":"2026-07-26T05:09:15.795Z","level":"LOG","message":"◇ injected env (1) from .env // tip: ◈ secrets for agents [www.dotenvx.com]"}
{"timestamp":"2026-07-26T05:09:15.796Z","level":"LOG","message":"Starting application..."}
{"timestamp":"2026-07-26T05:09:15.796Z","level":"LOG","message":"MONGO_URI: Loaded"}
{"timestamp":"2026-07-26T05:09:15.796Z","level":"LOG","message":"JWT_SECRET: Loaded"}
{"timestamp":"2026-07-26T05:09:15.798Z","level":"LOG","message":"Connecting to MongoDB..."}
{"timestamp":"2026-07-26T05:09:15.810Z","level":"LOG","message":"Dist Path: /home/u610568114/domains/deeppink-dove-588039.hostingersite.com/nodejs/dist"}
{"timestamp":"2026-07-26T05:09:15.810Z","level":"LOG","message":"About to start server..."}
{"timestamp":"2026-07-26T05:09:15.813Z","level":"LOG","message":"✅ Server running on port 5000"}
{"timestamp":"2026-07-26T05:09:15.823Z","level":"LOG","message":"GET /admin/dashboard"}
{"timestamp":"2026-07-26T05:09:15.887Z","level":"LOG","message":"GET /assets/index-DbhVSrIG.js"}
{"timestamp":"2026-07-26T05:09:15.894Z","level":"LOG","message":"GET /assets/index-BMf4nrPI.css"}
{"timestamp":"2026-07-26T05:09:15.995Z","level":"LOG","message":"✅ MongoDB Connected"}
{"timestamp":"2026-07-26T05:09:15.995Z","level":"LOG","message":"Database Name: test"}
{"timestamp":"2026-07-26T05:09:16.142Z","level":"LOG","message":"✅ Admin already exists, skipping creation"}
{"timestamp":"2026-07-26T05:09:16.325Z","level":"LOG","message":"GET /favicon.svg"}
{"timestamp":"2026-07-26T05:09:16.579Z","level":"LOG","message":"GET /favicon.svg"}
{"timestamp":"2026-07-26T05:09:17.151Z","level":"LOG","message":"✅ SMTP Server is ready to send emails!"}
{"timestamp":"2026-07-27T08:47:38.873Z","level":"LOG","message":"◇ injected env (1) from .env // tip: ⌘ multiple files { path: ['.env.local', '.env'] }"}
{"timestamp":"2026-07-27T08:47:38.873Z","level":"LOG","message":"Starting application..."}
{"timestamp":"2026-07-27T08:47:38.873Z","level":"LOG","message":"MONGO_URI: Loaded"}
{"timestamp":"2026-07-27T08:47:38.873Z","level":"LOG","message":"JWT_SECRET: Loaded"}
{"timestamp":"2026-07-27T08:47:38.876Z","level":"LOG","message":"Connecting to MongoDB..."}
{"timestamp":"2026-07-27T08:47:38.887Z","level":"LOG","message":"Dist Path: /home/u610568114/domains/deeppink-dove-588039.hostingersite.com/nodejs/dist"}
{"timestamp":"2026-07-27T08:47:38.887Z","level":"LOG","message":"About to start server..."}
{"timestamp":"2026-07-27T08:47:38.890Z","level":"LOG","message":"✅ Server running on port 5000"}
{"timestamp":"2026-07-27T08:47:38.901Z","level":"LOG","message":"GET /"}
{"timestamp":"2026-07-27T08:47:39.013Z","level":"LOG","message":"GET /assets/index-DbhVSrIG.js"}
{"timestamp":"2026-07-27T08:47:39.017Z","level":"LOG","message":"GET /assets/index-BMf4nrPI.css"}
{"timestamp":"2026-07-27T08:47:39.087Z","level":"LOG","message":"✅ MongoDB Connected"}
{"timestamp":"2026-07-27T08:47:39.088Z","level":"LOG","message":"Database Name: test"}
{"timestamp":"2026-07-27T08:47:39.180Z","level":"LOG","message":"GET /assets/Pharna-DZBjz9Bb.png"}
{"timestamp":"2026-07-27T08:47:39.183Z","level":"LOG","message":"GET /assets/Map-__M_oImN.jpeg"}
{"timestamp":"2026-07-27T08:47:39.187Z","level":"LOG","message":"GET /assets/radhe-logo-B_jxZqGy.png"}
{"timestamp":"2026-07-27T08:47:39.188Z","level":"LOG","message":"GET /assets/Home%20care-D5D2SBJK.png"}
{"timestamp":"2026-07-27T08:47:39.189Z","level":"LOG","message":"GET /assets/Food%20_%20Beverages-5CdNv3ri.png"}
{"timestamp":"2026-07-27T08:47:39.190Z","level":"LOG","message":"GET /assets/Industrial-BGdZrctT.png"}
{"timestamp":"2026-07-27T08:47:39.192Z","level":"LOG","message":"GET /assets/ABHAY-wui2kW0U.png"}
{"timestamp":"2026-07-27T08:47:39.194Z","level":"LOG","message":"GET /assets/PREFORMS-sWuwmMUw.png"}
{"timestamp":"2026-07-27T08:47:39.196Z","level":"LOG","message":"GET /assets/Personal%20Care-W2Lqo-5I.png"}
{"timestamp":"2026-07-27T08:47:39.201Z","level":"LOG","message":"GET /assets/JAR-D9NsdZGp.png"}
{"timestamp":"2026-07-27T08:47:39.205Z","level":"LOG","message":"GET /assets/CAP-YPir5_aW.png"}
{"timestamp":"2026-07-27T08:47:39.207Z","level":"LOG","message":"GET /assets/ACPL%20LOGO-BjLoRMu6.png"}
{"timestamp":"2026-07-27T08:47:39.208Z","level":"LOG","message":"GET /assets/ASHWIN%20HEALTHCARE-DkmTNXEZ.png"}
{"timestamp":"2026-07-27T08:47:39.209Z","level":"LOG","message":"GET /assets/FLOWER%20BRAND-CdYGOHU3.png"}
{"timestamp":"2026-07-27T08:47:39.223Z","level":"LOG","message":"GET /assets/HERBALHILLS-Bj5a8WLk.png"}
{"timestamp":"2026-07-27T08:47:39.228Z","level":"LOG","message":"GET /assets/BOTTLE-CeeQORqf.png"}
{"timestamp":"2026-07-27T08:47:39.229Z","level":"LOG","message":"GET /assets/HI%20FI%20INDIA-Baz4HqdH.png"}
{"timestamp":"2026-07-27T08:47:39.230Z","level":"LOG","message":"GET /assets/DR%20RASHEL%20BEAUTY-BEYd_P_-.png"}
{"timestamp":"2026-07-27T08:47:39.236Z","level":"LOG","message":"GET /assets/KALVERTS-B9GIIP_1.png"}
{"timestamp":"2026-07-27T08:47:39.237Z","level":"LOG","message":"GET /assets/SIMANDHAR-4GAyAvK2.png"}
{"timestamp":"2026-07-27T08:47:39.238Z","level":"LOG","message":"GET /assets/TIGER-DfBV1Yy-.png"}
{"timestamp":"2026-07-27T08:47:39.238Z","level":"LOG","message":"GET /assets/MAHIDA%20_%20SONS-v_BYHAyC.png"}
{"timestamp":"2026-07-27T08:47:39.242Z","level":"LOG","message":"GET /assets/Optisol%20Lenscare-BCi_yuAG.png"}
{"timestamp":"2026-07-27T08:47:39.250Z","level":"LOG","message":"GET /assets/SOULFLOWER-_m6N4oRi.png"}
{"timestamp":"2026-07-27T08:47:39.262Z","level":"LOG","message":"✅ Admin already exists, skipping creation"}
{"timestamp":"2026-07-27T08:47:39.464Z","level":"LOG","message":"GET /api/products/categories"}
{"timestamp":"2026-07-27T08:47:40.143Z","level":"LOG","message":"GET /api/products"}
{"timestamp":"2026-07-27T08:47:40.145Z","level":"LOG","message":"GET /favicon.svg"}
{"timestamp":"2026-07-27T08:47:40.148Z","level":"LOG","message":"GET /"}
{"timestamp":"2026-07-27T08:47:40.170Z","level":"LOG","message":"GET /api/products"}
{"timestamp":"2026-07-27T08:47:40.179Z","level":"LOG","message":"GET /api/products/categories"}
{"timestamp":"2026-07-27T08:47:40.208Z","level":"LOG","message":"GET /api/products/categories"}
{"timestamp":"2026-07-27T08:47:40.344Z","level":"LOG","message":"GET /assets/index-BMf4nrPI.css"}
{"timestamp":"2026-07-27T08:47:40.346Z","level":"LOG","message":"GET /assets/index-DbhVSrIG.js"}
{"timestamp":"2026-07-27T08:47:40.773Z","level":"LOG","message":"✅ SMTP Server is ready to send emails!"}
{"timestamp":"2026-07-27T08:47:40.925Z","level":"LOG","message":"GET /assets/radhe-logo-B_jxZqGy.png"}
{"timestamp":"2026-07-27T08:47:40.928Z","level":"LOG","message":"GET /assets/Map-__M_oImN.jpeg"}
{"timestamp":"2026-07-27T08:47:40.941Z","level":"LOG","message":"GET /assets/Pharna-DZBjz9Bb.png"}
{"timestamp":"2026-07-27T08:47:40.961Z","level":"LOG","message":"GET /assets/ACPL%20LOGO-BjLoRMu6.png"}
{"timestamp":"2026-07-27T08:47:40.962Z","level":"LOG","message":"GET /assets/DR%20RASHEL%20BEAUTY-BEYd_P_-.png"}
{"timestamp":"2026-07-27T08:47:40.980Z","level":"LOG","message":"GET /assets/Food%20_%20Beverages-5CdNv3ri.png"}
{"timestamp":"2026-07-27T08:47:40.980Z","level":"LOG","message":"GET /assets/HI%20FI%20INDIA-Baz4HqdH.png"}
{"timestamp":"2026-07-27T08:47:40.982Z","level":"LOG","message":"GET /assets/Home%20care-D5D2SBJK.png"}
{"timestamp":"2026-07-27T08:47:40.983Z","level":"LOG","message":"GET /assets/BOTTLE-CeeQORqf.png"}
{"timestamp":"2026-07-27T08:47:40.993Z","level":"LOG","message":"GET /assets/CAP-YPir5_aW.png"}
{"timestamp":"2026-07-27T08:47:40.993Z","level":"LOG","message":"GET /assets/JAR-D9NsdZGp.png"}
{"timestamp":"2026-07-27T08:47:40.994Z","level":"LOG","message":"GET /assets/Personal%20Care-W2Lqo-5I.png"}
{"timestamp":"2026-07-27T08:47:41.079Z","level":"LOG","message":"GET /assets/KALVERTS-B9GIIP_1.png"}
{"timestamp":"2026-07-27T08:47:41.080Z","level":"LOG","message":"GET /assets/ABHAY-wui2kW0U.png"}
{"timestamp":"2026-07-27T08:47:41.080Z","level":"LOG","message":"GET /assets/SIMANDHAR-4GAyAvK2.png"}
{"timestamp":"2026-07-27T08:47:41.082Z","level":"LOG","message":"GET /assets/SOULFLOWER-_m6N4oRi.png"}
{"timestamp":"2026-07-27T08:47:41.083Z","level":"LOG","message":"GET /assets/Industrial-BGdZrctT.png"}
{"timestamp":"2026-07-27T08:47:41.088Z","level":"LOG","message":"GET /assets/ASHWIN%20HEALTHCARE-DkmTNXEZ.png"}
{"timestamp":"2026-07-27T08:47:41.092Z","level":"LOG","message":"GET /assets/HERBALHILLS-Bj5a8WLk.png"}
{"timestamp":"2026-07-27T08:47:41.098Z","level":"LOG","message":"GET /assets/PREFORMS-sWuwmMUw.png"}
{"timestamp":"2026-07-27T08:47:41.105Z","level":"LOG","message":"GET /assets/FLOWER%20BRAND-CdYGOHU3.png"}
{"timestamp":"2026-07-27T08:47:41.111Z","level":"LOG","message":"GET /assets/MAHIDA%20_%20SONS-v_BYHAyC.png"}
{"timestamp":"2026-07-27T08:47:41.112Z","level":"LOG","message":"GET /assets/Optisol%20Lenscare-BCi_yuAG.png"}
{"timestamp":"2026-07-27T08:47:41.114Z","level":"LOG","message":"GET /assets/TIGER-DfBV1Yy-.png"}
{"timestamp":"2026-07-27T08:47:41.288Z","level":"LOG","message":"GET /api/products"}
{"timestamp":"2026-07-27T08:47:41.298Z","level":"LOG","message":"GET /api/products/categories"}
{"timestamp":"2026-07-27T08:47:41.482Z","level":"LOG","message":"GET /favicon.svg"}
{"timestamp":"2026-07-27T08:47:41.892Z","level":"LOG","message":"GET /api/products"}
{"timestamp":"2026-07-27T08:47:41.894Z","level":"LOG","message":"GET /api/products/categories"}
{"timestamp":"2026-07-27T08:47:42.167Z","level":"LOG","message":"GET /api/products/categories"}
{"timestamp":"2026-07-27T08:47:45.247Z","level":"LOG","message":"GET /favicon.svg"}
{"timestamp":"2026-07-27T08:47:45.251Z","level":"LOG","message":"GET /api/products?marketSegment=Personal+Care"}
{"timestamp":"2026-07-27T08:47:45.264Z","level":"LOG","message":"GET /api/products/neck-sizes"}
{"timestamp":"2026-07-27T08:47:52.806Z","level":"LOG","message":"GET /api/products"}
{"timestamp":"2026-07-27T08:47:52.809Z","level":"LOG","message":"GET /api/products/neck-sizes"}
{"timestamp":"2026-07-27T08:47:52.816Z","level":"LOG","message":"GET /api/products/categories"}
{"timestamp":"2026-07-27T08:47:52.869Z","level":"LOG","message":"GET /api/products/categories"}
{"timestamp":"2026-07-27T08:48:09.559Z","level":"LOG","message":"GET /favicon.svg"}
{"timestamp":"2026-07-27T14:46:45.984Z","level":"LOG","message":"GET /"}
{"timestamp":"2026-07-27T14:46:45.985Z","level":"LOG","message":"GET /favicon.ico"}
{"timestamp":"2026-07-27T14:46:45.986Z","level":"LOG","message":"GET /apple-touch-icon-precomposed.png"}
{"timestamp":"2026-07-27T14:46:45.998Z","level":"LOG","message":"GET /apple-touch-icon.png"}
{"timestamp":"2026-07-27T14:46:46.098Z","level":"LOG","message":"GET /favicon.svg"}
{"timestamp":"2026-07-28T03:52:06.167Z","level":"LOG","message":"GET /"}
{"timestamp":"2026-07-28T03:52:07.086Z","level":"LOG","message":"GET /assets/index-BMf4nrPI.css"}
{"timestamp":"2026-07-28T03:52:07.087Z","level":"LOG","message":"GET /assets/index-DbhVSrIG.js"}
{"timestamp":"2026-07-28T03:52:07.796Z","level":"LOG","message":"GET /assets/radhe-logo-B_jxZqGy.png"}
{"timestamp":"2026-07-28T03:52:07.799Z","level":"LOG","message":"GET /assets/Pharna-DZBjz9Bb.png"}
{"timestamp":"2026-07-28T03:52:07.804Z","level":"LOG","message":"GET /assets/Map-__M_oImN.jpeg"}
{"timestamp":"2026-07-28T03:52:07.806Z","level":"LOG","message":"GET /assets/Industrial-BGdZrctT.png"}
{"timestamp":"2026-07-28T03:52:07.807Z","level":"LOG","message":"GET /assets/Food%20_%20Beverages-5CdNv3ri.png"}
{"timestamp":"2026-07-28T03:52:07.809Z","level":"LOG","message":"GET /assets/PREFORMS-sWuwmMUw.png"}
{"timestamp":"2026-07-28T03:52:07.809Z","level":"LOG","message":"GET /assets/Home%20care-D5D2SBJK.png"}
{"timestamp":"2026-07-28T03:52:07.811Z","level":"LOG","message":"GET /assets/BOTTLE-CeeQORqf.png"}
{"timestamp":"2026-07-28T03:52:07.811Z","level":"LOG","message":"GET /assets/Personal%20Care-W2Lqo-5I.png"}
{"timestamp":"2026-07-28T03:52:07.814Z","level":"LOG","message":"GET /assets/CAP-YPir5_aW.png"}
{"timestamp":"2026-07-28T03:52:07.815Z","level":"LOG","message":"GET /assets/ABHAY-wui2kW0U.png"}
{"timestamp":"2026-07-28T03:52:07.816Z","level":"LOG","message":"GET /assets/JAR-D9NsdZGp.png"}
{"timestamp":"2026-07-28T03:52:07.817Z","level":"LOG","message":"GET /assets/ACPL%20LOGO-BjLoRMu6.png"}
{"timestamp":"2026-07-28T03:52:07.819Z","level":"LOG","message":"GET /assets/ASHWIN%20HEALTHCARE-DkmTNXEZ.png"}
{"timestamp":"2026-07-28T03:52:07.820Z","level":"LOG","message":"GET /assets/DR%20RASHEL%20BEAUTY-BEYd_P_-.png"}
{"timestamp":"2026-07-28T03:52:07.838Z","level":"LOG","message":"GET /assets/MAHIDA%20_%20SONS-v_BYHAyC.png"}
{"timestamp":"2026-07-28T03:52:07.840Z","level":"LOG","message":"GET /assets/HERBALHILLS-Bj5a8WLk.png"}
{"timestamp":"2026-07-28T03:52:07.841Z","level":"LOG","message":"GET /assets/SIMANDHAR-4GAyAvK2.png"}
{"timestamp":"2026-07-28T03:52:07.841Z","level":"LOG","message":"GET /assets/HI%20FI%20INDIA-Baz4HqdH.png"}
{"timestamp":"2026-07-28T03:52:07.842Z","level":"LOG","message":"GET /assets/KALVERTS-B9GIIP_1.png"}
{"timestamp":"2026-07-28T03:52:07.842Z","level":"LOG","message":"GET /assets/TIGER-DfBV1Yy-.png"}
{"timestamp":"2026-07-28T03:52:07.846Z","level":"LOG","message":"GET /assets/FLOWER%20BRAND-CdYGOHU3.png"}
{"timestamp":"2026-07-28T03:52:07.857Z","level":"LOG","message":"GET /assets/Optisol%20Lenscare-BCi_yuAG.png"}
{"timestamp":"2026-07-28T03:52:07.859Z","level":"LOG","message":"GET /assets/SOULFLOWER-_m6N4oRi.png"}
{"timestamp":"2026-07-28T03:52:08.107Z","level":"LOG","message":"GET /api/products/categories"}
{"timestamp":"2026-07-28T03:52:08.109Z","level":"LOG","message":"GET /api/products"}
{"timestamp":"2026-07-28T03:52:08.168Z","level":"LOG","message":"GET /api/products"}
{"timestamp":"2026-07-28T03:52:08.182Z","level":"LOG","message":"GET /api/products/categories"}
{"timestamp":"2026-07-28T03:52:08.270Z","level":"LOG","message":"GET /api/products/categories"}
{"timestamp":"2026-07-28T03:52:09.233Z","level":"LOG","message":"GET /favicon.svg"}
{"timestamp":"2026-07-28T03:52:15.989Z","level":"LOG","message":"GET /admin"}
{"timestamp":"2026-07-28T03:52:16.275Z","level":"LOG","message":"GET /assets/index-DbhVSrIG.js"}
{"timestamp":"2026-07-28T03:52:16.282Z","level":"LOG","message":"GET /assets/index-BMf4nrPI.css"}
{"timestamp":"2026-07-28T03:52:17.272Z","level":"LOG","message":"GET /favicon.svg"}
{"timestamp":"2026-07-28T03:52:52.669Z","level":"LOG","message":"POST /api/admin/login"}
{"timestamp":"2026-07-28T03:52:52.940Z","level":"LOG","message":"GET /api/products"}
{"timestamp":"2026-07-28T03:52:52.942Z","level":"LOG","message":"GET /api/products/categories"}
{"timestamp":"2026-07-28T03:52:52.943Z","level":"LOG","message":"GET /favicon.svg"}
{"timestamp":"2026-07-28T03:56:15.303Z","level":"LOG","message":"POST /api/products/add-product"}
{"timestamp":"2026-07-28T03:56:15.323Z","level":"LOG","message":"[DEBUG] Request body: {\"name\":\"19mm / 50ml Round\",\"sku\":\"ASB021\",\"category\":\"Bottles\",\"productType\":\"\",\"color\":\"[\\\"Clear\\\"]\",\"moqPackaging\":\"{\\\"Clear\\\":\\\"810\\\"}\",\"capType\":\"\",\"usage\":\"\",\"keySpecs\":\"\",\"marketSegments\":\"[\\\"Pharmaceutical\\\",\\\"Home Care\\\",\\\"Personal Care\\\",\\\"Food & Beverages\\\"]\",\"volume\":\"50ml\",\"neckSize\":\"19mm\",\"weight\":\"9gm\",\"neckProfile\":\"[\\\"SP410\\\"]\",\"ofc\":\"58ml\",\"height\":\"97mm\",\"diameter\":\"33mm\",\"pilfer\":\"\",\"length\":\"\"}"}
{"timestamp":"2026-07-28T03:56:15.323Z","level":"LOG","message":"[DEBUG] Request files: [{\"fieldname\":\"image-Clear\",\"originalname\":\"19mm - 50ml Round Clear.jpg\",\"encoding\":\"7bit\",\"mimetype\":\"image/jpeg\",\"destination\":\"/home/u610568114/domains/deeppink-dove-588039.hostingersite.com/nodejs/uploads/\",\"filename\":\"1785210975309-19mm - 50ml Round Clear.jpg\",\"path\":\"/home/u610568114/domains/deeppink-dove-588039.hostingersite.com/nodejs/uploads/1785210975309-19mm - 50ml Round Clear.jpg\",\"size\":3813216}]"}
{"timestamp":"2026-07-28T03:56:15.323Z","level":"LOG","message":"[DEBUG] parsedNeckProfile: [\"SP410\"]"}
{"timestamp":"2026-07-28T03:56:15.354Z","level":"LOG","message":"[DEBUG] Creating product with data: {\"name\":\"19mm / 50ml Round\",\"category\":\"Bottles\",\"productType\":\"\",\"color\":[\"Clear\"],\"moqPackaging\":{\"Clear\":\"810\"},\"capType\":\"\",\"usage\":\"\",\"keySpecs\":\"\",\"images\":{\"Clear\":\"1785210975309-19mm - 50ml Round Clear.jpg\"},\"showInPopup\":false,\"marketSegments\":[\"Pharmaceutical\",\"Home Care\",\"Personal Care\",\"Food & Beverages\"],\"volume\":\"50ml\",\"neckSize\":\"19mm\",\"weight\":\"9gm\",\"neckProfile\":[\"SP410\"],\"ofc\":\"58ml\",\"height\":\"97mm\",\"diameter\":\"33mm\",\"pilfer\":\"\",\"length\":\"\",\"sku\":\"SKU-0006\"}"}
{"timestamp":"2026-07-28T03:56:15.409Z","level":"LOG","message":"GET /api/products"}
{"timestamp":"2026-07-28T03:56:15.416Z","level":"LOG","message":"- 19mm / 50ml Round: marketSegments = Pharmaceutical,Home Care,Personal Care,Food & Beverages"}
{"timestamp":"2026-07-28T03:58:25.802Z","level":"LOG","message":"POST /api/products/add-product"}
{"timestamp":"2026-07-28T03:58:25.804Z","level":"LOG","message":"[DEBUG] Request body: {\"name\":\"19mm / 100ml Square\",\"sku\":\"ASB009\",\"category\":\"Bottles\",\"productType\":\"\",\"color\":\"[]\",\"moqPackaging\":\"{}\",\"capType\":\"\",\"usage\":\"\",\"keySpecs\":\"\",\"marketSegments\":\"[]\",\"volume\":\"\",\"neckSize\":\"\",\"weight\":\"\",\"neckProfile\":\"[]\",\"ofc\":\"\",\"height\":\"\",\"diameter\":\"\",\"pilfer\":\"\",\"length\":\"\"}"}
{"timestamp":"2026-07-28T03:58:25.804Z","level":"LOG","message":"[DEBUG] Request files: []"}
{"timestamp":"2026-07-28T03:58:25.804Z","level":"LOG","message":"[DEBUG] parsedNeckProfile: []"}
{"timestamp":"2026-07-28T03:58:25.826Z","level":"LOG","message":"[DEBUG] Creating product with data: {\"name\":\"19mm / 100ml Square\",\"category\":\"Bottles\",\"productType\":\"\",\"color\":[],\"moqPackaging\":{},\"capType\":\"\",\"usage\":\"\",\"keySpecs\":\"\",\"images\":{},\"showInPopup\":false,\"marketSegments\":[],\"volume\":\"\",\"neckSize\":\"\",\"weight\":\"\",\"neckProfile\":[],\"ofc\":\"\",\"height\":\"\",\"diameter\":\"\",\"pilfer\":\"\",\"length\":\"\",\"sku\":\"SKU-0007\"}"}
{"timestamp":"2026-07-28T03:58:25.855Z","level":"LOG","message":"GET /api/products"}
{"timestamp":"2026-07-28T03:58:25.862Z","level":"LOG","message":"- 19mm / 100ml Square: marketSegments = "}
{"timestamp":"2026-07-28T03:58:25.862Z","level":"LOG","message":"- 19mm / 50ml Round: marketSegments = Pharmaceutical,Home Care,Personal Care,Food & Beverages"}
{"timestamp":"2026-07-28T03:59:30.988Z","level":"LOG","message":"POST /api/products/update-product/6a6828e17e743e4bda53a3c8"}
{"timestamp":"2026-07-28T03:59:31.024Z","level":"ERROR","message":"(node:4182918) [MONGOOSE] Warning: mongoose: the `new` option for `findOneAndUpdate()` and `findOneAndReplace()` is deprecated. Use `returnDocument: 'after'` instead.\n(Use `node --trace-warnings ...` to show where the warning was created)"}
{"timestamp":"2026-07-28T03:59:31.057Z","level":"LOG","message":"GET /api/products"}
{"timestamp":"2026-07-28T03:59:31.065Z","level":"LOG","message":"- 19mm / 100ml Square: marketSegments = Personal Care,Food & Beverages,Home Care"}
{"timestamp":"2026-07-28T03:59:31.065Z","level":"LOG","message":"- 19mm / 50ml Round: marketSegments = Pharmaceutical,Home Care,Personal Care,Food & Beverages"}
{"timestamp":"2026-07-28T03:59:31.129Z","level":"LOG","message":"GET /uploads/1785211170990-19mm%20-%20100ml%20Square%20Clear.jpg"}
{"timestamp":"2026-07-28T04:03:06.440Z","level":"LOG","message":"POST /api/products/add-product"}
{"timestamp":"2026-07-28T04:03:06.448Z","level":"LOG","message":"[DEBUG] Request body: {\"name\":\"25mm / 200ml Brute\",\"sku\":\"ASB048\",\"category\":\"Bottles\",\"productType\":\"\",\"color\":\"[\\\"Clear\\\"]\",\"moqPackaging\":\"{\\\"Clear\\\":\\\"660\\\"}\",\"capType\":\"\",\"usage\":\"\",\"keySpecs\":\"\",\"marketSegments\":\"[\\\"Pharmaceutical\\\",\\\"Home Care\\\",\\\"Industrial\\\"]\",\"volume\":\"200ml\",\"neckSize\":\"25mm\",\"weight\":\"18gm\",\"neckProfile\":\"[\\\"ROPP\\\"]\",\"ofc\":\"210ml\",\"height\":\"175mm\",\"diameter\":\"65mm\",\"pilfer\":\"\",\"length\":\"\"}"}
{"timestamp":"2026-07-28T04:03:06.448Z","level":"LOG","message":"[DEBUG] Request files: [{\"fieldname\":\"image-Clear\",\"originalname\":\"25mm - 200ml Brute Clear.jpg\",\"encoding\":\"7bit\",\"mimetype\":\"image/jpeg\",\"destination\":\"/home/u610568114/domains/deeppink-dove-588039.hostingersite.com/nodejs/uploads/\",\"filename\":\"1785211386441-25mm - 200ml Brute Clear.jpg\",\"path\":\"/home/u610568114/domains/deeppink-dove-588039.hostingersite.com/nodejs/uploads/1785211386441-25mm - 200ml Brute Clear.jpg\",\"size\":4256994}]"}
{"timestamp":"2026-07-28T04:03:06.448Z","level":"LOG","message":"[DEBUG] parsedNeckProfile: [\"ROPP\"]"}
{"timestamp":"2026-07-28T04:03:06.470Z","level":"LOG","message":"[DEBUG] Creating product with data: {\"name\":\"25mm / 200ml Brute\",\"category\":\"Bottles\",\"productType\":\"\",\"color\":[\"Clear\"],\"moqPackaging\":{\"Clear\":\"660\"},\"capType\":\"\",\"usage\":\"\",\"keySpecs\":\"\",\"images\":{\"Clear\":\"1785211386441-25mm - 200ml Brute Clear.jpg\"},\"showInPopup\":false,\"marketSegments\":[\"Pharmaceutical\",\"Home Care\",\"Industrial\"],\"volume\":\"200ml\",\"neckSize\":\"25mm\",\"weight\":\"18gm\",\"neckProfile\":[\"ROPP\"],\"ofc\":\"210ml\",\"height\":\"175mm\",\"diameter\":\"65mm\",\"pilfer\":\"\",\"length\":\"\",\"sku\":\"SKU-0008\"}"}
{"timestamp":"2026-07-28T04:03:07.099Z","level":"LOG","message":"GET /api/products"}
{"timestamp":"2026-07-28T04:03:07.108Z","level":"LOG","message":"- 25mm / 200ml Brute: marketSegments = Pharmaceutical,Home Care,Industrial"}
{"timestamp":"2026-07-28T04:03:07.108Z","level":"LOG","message":"- 19mm / 100ml Square: marketSegments = Personal Care,Food & Beverages,Home Care"}
{"timestamp":"2026-07-28T04:03:07.108Z","level":"LOG","message":"- 19mm / 50ml Round: marketSegments = Pharmaceutical,Home Care,Personal Care,Food & Beverages"}
{"timestamp":"2026-07-28T04:03:08.253Z","level":"LOG","message":"POST /api/products/add-product"}
{"timestamp":"2026-07-28T04:03:08.263Z","level":"LOG","message":"[DEBUG] Request body: {\"name\":\"25mm / 200ml Brute\",\"sku\":\"ASB048\",\"category\":\"Bottles\",\"productType\":\"\",\"color\":\"[\\\"Clear\\\"]\",\"moqPackaging\":\"{\\\"Clear\\\":\\\"660\\\"}\",\"capType\":\"\",\"usage\":\"\",\"keySpecs\":\"\",\"marketSegments\":\"[\\\"Pharmaceutical\\\",\\\"Home Care\\\",\\\"Industrial\\\"]\",\"volume\":\"200ml\",\"neckSize\":\"25mm\",\"weight\":\"18gm\",\"neckProfile\":\"[\\\"ROPP\\\"]\",\"ofc\":\"210ml\",\"height\":\"175mm\",\"diameter\":\"65mm\",\"pilfer\":\"\",\"length\":\"\"}"}
{"timestamp":"2026-07-28T04:03:08.263Z","level":"LOG","message":"[DEBUG] Request files: [{\"fieldname\":\"image-Clear\",\"originalname\":\"25mm - 200ml Brute Clear.jpg\",\"encoding\":\"7bit\",\"mimetype\":\"image/jpeg\",\"destination\":\"/home/u610568114/domains/deeppink-dove-588039.hostingersite.com/nodejs/uploads/\",\"filename\":\"1785211388254-25mm - 200ml Brute Clear.jpg\",\"path\":\"/home/u610568114/domains/deeppink-dove-588039.hostingersite.com/nodejs/uploads/1785211388254-25mm - 200ml Brute Clear.jpg\",\"size\":4256994}]"}
{"timestamp":"2026-07-28T04:03:08.263Z","level":"LOG","message":"[DEBUG] parsedNeckProfile: [\"ROPP\"]"}
{"timestamp":"2026-07-28T04:03:08.273Z","level":"LOG","message":"[DEBUG] Creating product with data: {\"name\":\"25mm / 200ml Brute\",\"category\":\"Bottles\",\"productType\":\"\",\"color\":[\"Clear\"],\"moqPackaging\":{\"Clear\":\"660\"},\"capType\":\"\",\"usage\":\"\",\"keySpecs\":\"\",\"images\":{\"Clear\":\"1785211388254-25mm - 200ml Brute Clear.jpg\"},\"showInPopup\":false,\"marketSegments\":[\"Pharmaceutical\",\"Home Care\",\"Industrial\"],\"volume\":\"200ml\",\"neckSize\":\"25mm\",\"weight\":\"18gm\",\"neckProfile\":[\"ROPP\"],\"ofc\":\"210ml\",\"height\":\"175mm\",\"diameter\":\"65mm\",\"pilfer\":\"\",\"length\":\"\",\"sku\":\"SKU-0009\"}"}
{"timestamp":"2026-07-28T04:03:08.347Z","level":"LOG","message":"GET /api/products"}
{"timestamp":"2026-07-28T04:03:08.354Z","level":"LOG","message":"- 25mm / 200ml Brute: marketSegments = Pharmaceutical,Home Care,Industrial"}
{"timestamp":"2026-07-28T04:03:08.354Z","level":"LOG","message":"- 25mm / 200ml Brute: marketSegments = Pharmaceutical,Home Care,Industrial"}
{"timestamp":"2026-07-28T04:03:08.354Z","level":"LOG","message":"- 19mm / 100ml Square: marketSegments = Personal Care,Food & Beverages,Home Care"}
{"timestamp":"2026-07-28T04:03:08.354Z","level":"LOG","message":"- 19mm / 50ml Round: marketSegments = Pharmaceutical,Home Care,Personal Care,Food & Beverages"}
{"timestamp":"2026-07-28T04:03:13.774Z","level":"LOG","message":"DELETE /api/products/delete-product/6a6829fc7e743e4bda53a3ca"}
{"timestamp":"2026-07-28T04:03:14.174Z","level":"LOG","message":"GET /api/products"}
{"timestamp":"2026-07-28T04:03:14.182Z","level":"LOG","message":"- 25mm / 200ml Brute: marketSegments = Pharmaceutical,Home Care,Industrial"}
{"timestamp":"2026-07-28T04:03:14.182Z","level":"LOG","message":"- 19mm / 100ml Square: marketSegments = Personal Care,Food & Beverages,Home Care"}
{"timestamp":"2026-07-28T04:03:14.182Z","level":"LOG","message":"- 19mm / 50ml Round: marketSegments = Pharmaceutical,Home Care,Personal Care,Food & Beverages"}
{"timestamp":"2026-07-28T04:03:20.803Z","level":"LOG","message":"GET /"}
{"timestamp":"2026-07-28T04:03:22.169Z","level":"LOG","message":"GET /assets/index-DbhVSrIG.js"}
{"timestamp":"2026-07-28T04:03:22.170Z","level":"LOG","message":"GET /assets/index-BMf4nrPI.css"}
{"timestamp":"2026-07-28T04:03:22.784Z","level":"LOG","message":"GET /assets/radhe-logo-B_jxZqGy.png"}
{"timestamp":"2026-07-28T04:03:22.784Z","level":"LOG","message":"GET /assets/Industrial-BGdZrctT.png"}
{"timestamp":"2026-07-28T04:03:22.785Z","level":"LOG","message":"GET /assets/JAR-D9NsdZGp.png"}
{"timestamp":"2026-07-28T04:03:22.785Z","level":"LOG","message":"GET /assets/Map-__M_oImN.jpeg"}
{"timestamp":"2026-07-28T04:03:22.788Z","level":"LOG","message":"GET /assets/BOTTLE-CeeQORqf.png"}
{"timestamp":"2026-07-28T04:03:22.789Z","level":"LOG","message":"GET /assets/Home%20care-D5D2SBJK.png"}
{"timestamp":"2026-07-28T04:03:22.791Z","level":"LOG","message":"GET /assets/PREFORMS-sWuwmMUw.png"}
{"timestamp":"2026-07-28T04:03:22.798Z","level":"LOG","message":"GET /assets/ASHWIN%20HEALTHCARE-DkmTNXEZ.png"}
{"timestamp":"2026-07-28T04:03:22.801Z","level":"LOG","message":"GET /assets/CAP-YPir5_aW.png"}
{"timestamp":"2026-07-28T04:03:22.801Z","level":"LOG","message":"GET /assets/ABHAY-wui2kW0U.png"}
{"timestamp":"2026-07-28T04:03:22.803Z","level":"LOG","message":"GET /assets/DR%20RASHEL%20BEAUTY-BEYd_P_-.png"}
{"timestamp":"2026-07-28T04:03:22.804Z","level":"LOG","message":"GET /assets/Optisol%20Lenscare-BCi_yuAG.png"}
{"timestamp":"2026-07-28T04:03:22.807Z","level":"LOG","message":"GET /assets/MAHIDA%20_%20SONS-v_BYHAyC.png"}
{"timestamp":"2026-07-28T04:03:22.810Z","level":"LOG","message":"GET /assets/HERBALHILLS-Bj5a8WLk.png"}
{"timestamp":"2026-07-28T04:03:22.811Z","level":"LOG","message":"GET /assets/SOULFLOWER-_m6N4oRi.png"}
{"timestamp":"2026-07-28T04:03:22.820Z","level":"LOG","message":"GET /assets/Pharna-DZBjz9Bb.png"}
{"timestamp":"2026-07-28T04:03:22.827Z","level":"LOG","message":"GET /assets/SIMANDHAR-4GAyAvK2.png"}
{"timestamp":"2026-07-28T04:03:22.828Z","level":"LOG","message":"GET /assets/FLOWER%20BRAND-CdYGOHU3.png"}
{"timestamp":"2026-07-28T04:03:22.829Z","level":"LOG","message":"GET /assets/KALVERTS-B9GIIP_1.png"}
{"timestamp":"2026-07-28T04:03:22.832Z","level":"LOG","message":"GET /assets/ACPL%20LOGO-BjLoRMu6.png"}
{"timestamp":"2026-07-28T04:03:22.833Z","level":"LOG","message":"GET /assets/TIGER-DfBV1Yy-.png"}
{"timestamp":"2026-07-28T04:03:22.833Z","level":"LOG","message":"GET /assets/Personal%20Care-W2Lqo-5I.png"}
{"timestamp":"2026-07-28T04:03:22.841Z","level":"LOG","message":"GET /assets/Food%20_%20Beverages-5CdNv3ri.png"}
{"timestamp":"2026-07-28T04:03:22.847Z","level":"LOG","message":"GET /assets/HI%20FI%20INDIA-Baz4HqdH.png"}
{"timestamp":"2026-07-28T04:03:22.969Z","level":"LOG","message":"GET /api/products/categories"}
{"timestamp":"2026-07-28T04:03:22.974Z","level":"LOG","message":"GET /api/products"}
{"timestamp":"2026-07-28T04:03:22.980Z","level":"LOG","message":"- 25mm / 200ml Brute: marketSegments = Pharmaceutical,Home Care,Industrial"}
{"timestamp":"2026-07-28T04:03:22.980Z","level":"LOG","message":"- 19mm / 100ml Square: marketSegments = Personal Care,Food & Beverages,Home Care"}
{"timestamp":"2026-07-28T04:03:22.980Z","level":"LOG","message":"- 19mm / 50ml Round: marketSegments = Pharmaceutical,Home Care,Personal Care,Food & Beverages"}
{"timestamp":"2026-07-28T04:03:23.022Z","level":"LOG","message":"GET /api/products/categories"}
{"timestamp":"2026-07-28T04:03:23.023Z","level":"LOG","message":"GET /api/products"}
{"timestamp":"2026-07-28T04:03:23.028Z","level":"LOG","message":"- 25mm / 200ml Brute: marketSegments = Pharmaceutical,Home Care,Industrial"}
{"timestamp":"2026-07-28T04:03:23.028Z","level":"LOG","message":"- 19mm / 100ml Square: marketSegments = Personal Care,Food & Beverages,Home Care"}
{"timestamp":"2026-07-28T04:03:23.028Z","level":"LOG","message":"- 19mm / 50ml Round: marketSegments = Pharmaceutical,Home Care,Personal Care,Food & Beverages"}
{"timestamp":"2026-07-28T04:03:23.146Z","level":"LOG","message":"GET /api/products/categories"}
{"timestamp":"2026-07-28T04:03:23.806Z","level":"LOG","message":"GET /favicon.svg"}
{"timestamp":"2026-07-28T04:03:25.645Z","level":"LOG","message":"GET /favicon.svg"}
{"timestamp":"2026-07-28T04:03:25.719Z","level":"LOG","message":"GET /api/products"}
{"timestamp":"2026-07-28T04:03:25.721Z","level":"LOG","message":"GET /api/products/neck-sizes"}
{"timestamp":"2026-07-28T04:03:25.722Z","level":"LOG","message":"GET /api/products/categories"}
{"timestamp":"2026-07-28T04:03:25.726Z","level":"LOG","message":"- 25mm / 200ml Brute: marketSegments = Pharmaceutical,Home Care,Industrial"}
{"timestamp":"2026-07-28T04:03:25.726Z","level":"LOG","message":"- 19mm / 100ml Square: marketSegments = Personal Care,Food & Beverages,Home Care"}
{"timestamp":"2026-07-28T04:03:25.726Z","level":"LOG","message":"- 19mm / 50ml Round: marketSegments = Pharmaceutical,Home Care,Personal Care,Food & Beverages"}
{"timestamp":"2026-07-28T04:03:25.748Z","level":"LOG","message":"GET /api/products/categories"}
{"timestamp":"2026-07-28T04:03:25.808Z","level":"LOG","message":"GET /uploads/1785211386441-25mm%20-%20200ml%20Brute%20Clear.jpg"}
{"timestamp":"2026-07-28T04:03:25.809Z","level":"LOG","message":"GET /uploads/1785210975309-19mm%20-%2050ml%20Round%20Clear.jpg"}
{"timestamp":"2026-07-28T04:03:25.809Z","level":"LOG","message":"GET /uploads/1785211170990-19mm%20-%20100ml%20Square%20Clear.jpg"}
{"timestamp":"2026-07-28T04:03:31.508Z","level":"LOG","message":"GET /api/products?category=Bottles"}
{"timestamp":"2026-07-28T04:03:31.516Z","level":"LOG","message":"- 25mm / 200ml Brute: marketSegments = Pharmaceutical,Home Care,Industrial"}
{"timestamp":"2026-07-28T04:03:31.516Z","level":"LOG","message":"- 19mm / 100ml Square: marketSegments = Personal Care,Food & Beverages,Home Care"}
{"timestamp":"2026-07-28T04:03:31.516Z","level":"LOG","message":"- 19mm / 50ml Round: marketSegments = Pharmaceutical,Home Care,Personal Care,Food & Beverages"}
{"timestamp":"2026-07-28T04:03:53.940Z","level":"LOG","message":"GET /uploads/1785211170990-19mm%20-%20100ml%20Square%20Clear.jpg"}
{"timestamp":"2026-07-28T04:03:53.941Z","level":"LOG","message":"GET /uploads/1785210975309-19mm%20-%2050ml%20Round%20Clear.jpg"}
{"timestamp":"2026-07-28T04:04:14.427Z","level":"LOG","message":"GET /api/products"}
{"timestamp":"2026-07-28T04:04:14.434Z","level":"LOG","message":"- 25mm / 200ml Brute: marketSegments = Pharmaceutical,Home Care,Industrial"}
{"timestamp":"2026-07-28T04:04:14.434Z","level":"LOG","message":"- 19mm / 100ml Square: marketSegments = Personal Care,Food & Beverages,Home Care"}
{"timestamp":"2026-07-28T04:04:14.434Z","level":"LOG","message":"- 19mm / 50ml Round: marketSegments = Pharmaceutical,Home Care,Personal Care,Food & Beverages"}
{"timestamp":"2026-07-28T04:04:14.530Z","level":"LOG","message":"GET /uploads/1785210975309-19mm%20-%2050ml%20Round%20Clear.jpg"}
{"timestamp":"2026-07-28T04:04:18.672Z","level":"LOG","message":"GET /assets/Bottle%20Category-C5jE_ANd.png"}
{"timestamp":"2026-07-28T04:04:18.705Z","level":"LOG","message":"GET /api/products/categories"}
{"timestamp":"2026-07-28T04:04:18.707Z","level":"LOG","message":"GET /favicon.svg"}
{"timestamp":"2026-07-28T04:04:18.796Z","level":"LOG","message":"GET /api/products/categories"}
{"timestamp":"2026-07-28T04:04:18.797Z","level":"LOG","message":"GET /api/products/neck-sizes"}
{"timestamp":"2026-07-28T04:04:18.826Z","level":"LOG","message":"GET /api/products?category=Bottles"}
{"timestamp":"2026-07-28T04:04:18.833Z","level":"LOG","message":"- 25mm / 200ml Brute: marketSegments = Pharmaceutical,Home Care,Industrial"}
{"timestamp":"2026-07-28T04:04:18.833Z","level":"LOG","message":"- 19mm / 100ml Square: marketSegments = Personal Care,Food & Beverages,Home Care"}
{"timestamp":"2026-07-28T04:04:18.833Z","level":"LOG","message":"- 19mm / 50ml Round: marketSegments = Pharmaceutical,Home Care,Personal Care,Food & Beverages"}
{"timestamp":"2026-07-28T04:06:27.585Z","level":"LOG","message":"POST /api/products/add-product"}
{"timestamp":"2026-07-28T04:06:27.593Z","level":"LOG","message":"[DEBUG] Request body: {\"name\":\"73mm / 500ml Matka\",\"sku\":\"\",\"category\":\"Jars\",\"productType\":\"\",\"color\":\"[\\\"Clear\\\"]\",\"moqPackaging\":\"{\\\"Clear\\\":\\\"140\\\"}\",\"capType\":\"\",\"usage\":\"\",\"keySpecs\":\"\",\"marketSegments\":\"[\\\"Personal Care\\\",\\\"Food & Beverages\\\",\\\"Home Care\\\"]\",\"volume\":\"500ml\",\"neckSize\":\"73mm\",\"weight\":\"38gm\",\"neckProfile\":\"[\\\"SP 400\\\"]\",\"ofc\":\"600ml\",\"height\":\"90mm\",\"diameter\":\"115mm\",\"pilfer\":\"\",\"length\":\"\"}"}
{"timestamp":"2026-07-28T04:06:27.593Z","level":"LOG","message":"[DEBUG] Request files: [{\"fieldname\":\"image-Clear\",\"originalname\":\"73mm - 500ml Matka Clear.jpg\",\"encoding\":\"7bit\",\"mimetype\":\"image/jpeg\",\"destination\":\"/home/u610568114/domains/deeppink-dove-588039.hostingersite.com/nodejs/uploads/\",\"filename\":\"1785211587586-73mm - 500ml Matka Clear.jpg\",\"path\":\"/home/u610568114/domains/deeppink-dove-588039.hostingersite.com/nodejs/uploads/1785211587586-73mm - 500ml Matka Clear.jpg\",\"size\":4287128}]"}
{"timestamp":"2026-07-28T04:06:27.593Z","level":"LOG","message":"[DEBUG] parsedNeckProfile: [\"SP 400\"]"}
{"timestamp":"2026-07-28T04:06:27.616Z","level":"LOG","message":"[DEBUG] Creating product with data: {\"name\":\"73mm / 500ml Matka\",\"category\":\"Jars\",\"productType\":\"\",\"color\":[\"Clear\"],\"moqPackaging\":{\"Clear\":\"140\"},\"capType\":\"\",\"usage\":\"\",\"keySpecs\":\"\",\"images\":{\"Clear\":\"1785211587586-73mm - 500ml Matka Clear.jpg\"},\"showInPopup\":false,\"marketSegments\":[\"Personal Care\",\"Food & Beverages\",\"Home Care\"],\"volume\":\"500ml\",\"neckSize\":\"73mm\",\"weight\":\"38gm\",\"neckProfile\":[\"SP 400\"],\"ofc\":\"600ml\",\"height\":\"90mm\",\"diameter\":\"115mm\",\"pilfer\":\"\",\"length\":\"\",\"sku\":\"SKU-0010\"}"}
{"timestamp":"2026-07-28T04:06:27.642Z","level":"LOG","message":"GET /api/products"}
{"timestamp":"2026-07-28T04:06:27.650Z","level":"LOG","message":"- 73mm / 500ml Matka: marketSegments = Personal Care,Food & Beverages,Home Care"}
{"timestamp":"2026-07-28T04:06:27.650Z","level":"LOG","message":"- 25mm / 200ml Brute: marketSegments = Pharmaceutical,Home Care,Industrial"}
{"timestamp":"2026-07-28T04:06:27.650Z","level":"LOG","message":"- 19mm / 100ml Square: marketSegments = Personal Care,Food & Beverages,Home Care"}
{"timestamp":"2026-07-28T04:06:27.650Z","level":"LOG","message":"- 19mm / 50ml Round: marketSegments = Pharmaceutical,Home Care,Personal Care,Food & Beverages"}
{"timestamp":"2026-07-28T04:06:32.922Z","level":"LOG","message":"GET /api/products/categories"}
{"timestamp":"2026-07-28T04:06:32.927Z","level":"LOG","message":"GET /favicon.svg"}
{"timestamp":"2026-07-28T04:06:32.932Z","level":"LOG","message":"GET /assets/Jars%20category-DmcLVyK3.png"}
{"timestamp":"2026-07-28T04:06:32.982Z","level":"LOG","message":"GET /api/products/categories"}
{"timestamp":"2026-07-28T04:06:32.983Z","level":"LOG","message":"GET /api/products/neck-sizes"}
{"timestamp":"2026-07-28T04:06:33.023Z","level":"LOG","message":"GET /api/products?category=Jars"}
{"timestamp":"2026-07-28T04:06:33.030Z","level":"LOG","message":"- 73mm / 500ml Matka: marketSegments = Personal Care,Food & Beverages,Home Care"}
{"timestamp":"2026-07-28T04:06:33.076Z","level":"LOG","message":"GET /uploads/1785211587586-73mm%20-%20500ml%20Matka%20Clear.jpg"}
{"timestamp":"2026-07-28T04:06:35.379Z","level":"LOG","message":"GET /api/products"}
{"timestamp":"2026-07-28T04:06:35.384Z","level":"LOG","message":"GET /favicon.svg"}
{"timestamp":"2026-07-28T04:06:35.385Z","level":"LOG","message":"- 73mm / 500ml Matka: marketSegments = Personal Care,Food & Beverages,Home Care"}
{"timestamp":"2026-07-28T04:06:35.386Z","level":"LOG","message":"- 25mm / 200ml Brute: marketSegments = Pharmaceutical,Home Care,Industrial"}
{"timestamp":"2026-07-28T04:06:35.386Z","level":"LOG","message":"- 19mm / 100ml Square: marketSegments = Personal Care,Food & Beverages,Home Care"}
{"timestamp":"2026-07-28T04:06:35.386Z","level":"LOG","message":"- 19mm / 50ml Round: marketSegments = Pharmaceutical,Home Care,Personal Care,Food & Beverages"}
{"timestamp":"2026-07-28T06:36:28.134Z","level":"LOG","message":"GET /"}
{"timestamp":"2026-07-28T06:36:28.876Z","level":"LOG","message":"GET /assets/index-BMf4nrPI.css"}
{"timestamp":"2026-07-28T06:36:28.881Z","level":"LOG","message":"GET /assets/index-DbhVSrIG.js"}
{"timestamp":"2026-07-28T06:36:29.139Z","level":"LOG","message":"GET /assets/radhe-logo-B_jxZqGy.png"}
{"timestamp":"2026-07-28T06:36:29.149Z","level":"LOG","message":"GET /assets/Pharna-DZBjz9Bb.png"}
{"timestamp":"2026-07-28T06:36:29.151Z","level":"LOG","message":"GET /assets/Personal%20Care-W2Lqo-5I.png"}
{"timestamp":"2026-07-28T06:36:29.153Z","level":"LOG","message":"GET /assets/Home%20care-D5D2SBJK.png"}
{"timestamp":"2026-07-28T06:36:29.155Z","level":"LOG","message":"GET /assets/BOTTLE-CeeQORqf.png"}
{"timestamp":"2026-07-28T06:36:29.157Z","level":"LOG","message":"GET /assets/Food%20_%20Beverages-5CdNv3ri.png"}
{"timestamp":"2026-07-28T06:36:29.158Z","level":"LOG","message":"GET /assets/Industrial-BGdZrctT.png"}
{"timestamp":"2026-07-28T06:36:29.160Z","level":"LOG","message":"GET /assets/Map-__M_oImN.jpeg"}
{"timestamp":"2026-07-28T06:36:29.181Z","level":"LOG","message":"GET /assets/JAR-D9NsdZGp.png"}
{"timestamp":"2026-07-28T06:36:29.183Z","level":"LOG","message":"GET /assets/DR%20RASHEL%20BEAUTY-BEYd_P_-.png"}
{"timestamp":"2026-07-28T06:36:29.183Z","level":"LOG","message":"GET /assets/CAP-YPir5_aW.png"}
{"timestamp":"2026-07-28T06:36:29.184Z","level":"LOG","message":"GET /assets/HI%20FI%20INDIA-Baz4HqdH.png"}
{"timestamp":"2026-07-28T06:36:29.185Z","level":"LOG","message":"GET /assets/SOULFLOWER-_m6N4oRi.png"}
{"timestamp":"2026-07-28T06:36:29.187Z","level":"LOG","message":"GET /assets/ASHWIN%20HEALTHCARE-DkmTNXEZ.png"}
{"timestamp":"2026-07-28T06:36:29.192Z","level":"LOG","message":"GET /assets/FLOWER%20BRAND-CdYGOHU3.png"}
{"timestamp":"2026-07-28T06:36:29.192Z","level":"LOG","message":"GET /assets/ACPL%20LOGO-BjLoRMu6.png"}
{"timestamp":"2026-07-28T06:36:29.193Z","level":"LOG","message":"GET /assets/Optisol%20Lenscare-BCi_yuAG.png"}
{"timestamp":"2026-07-28T06:36:29.195Z","level":"LOG","message":"GET /assets/KALVERTS-B9GIIP_1.png"}
{"timestamp":"2026-07-28T06:36:29.196Z","level":"LOG","message":"GET /assets/MAHIDA%20_%20SONS-v_BYHAyC.png"}
{"timestamp":"2026-07-28T06:36:29.197Z","level":"LOG","message":"GET /assets/ABHAY-wui2kW0U.png"}
{"timestamp":"2026-07-28T06:36:29.204Z","level":"LOG","message":"GET /assets/PREFORMS-sWuwmMUw.png"}
{"timestamp":"2026-07-28T06:36:29.208Z","level":"LOG","message":"GET /assets/TIGER-DfBV1Yy-.png"}
{"timestamp":"2026-07-28T06:36:29.208Z","level":"LOG","message":"GET /assets/HERBALHILLS-Bj5a8WLk.png"}
{"timestamp":"2026-07-28T06:36:29.213Z","level":"LOG","message":"GET /assets/SIMANDHAR-4GAyAvK2.png"}
{"timestamp":"2026-07-28T06:36:29.658Z","level":"LOG","message":"GET /api/products/categories"}
{"timestamp":"2026-07-28T06:36:29.661Z","level":"LOG","message":"GET /api/products"}
{"timestamp":"2026-07-28T06:36:29.669Z","level":"LOG","message":"- 73mm / 500ml Matka: marketSegments = Personal Care,Food & Beverages,Home Care"}
{"timestamp":"2026-07-28T06:36:29.669Z","level":"LOG","message":"- 25mm / 200ml Brute: marketSegments = Pharmaceutical,Home Care,Industrial"}
{"timestamp":"2026-07-28T06:36:29.669Z","level":"LOG","message":"- 19mm / 100ml Square: marketSegments = Personal Care,Food & Beverages,Home Care"}
{"timestamp":"2026-07-28T06:36:29.669Z","level":"LOG","message":"- 19mm / 50ml Round: marketSegments = Pharmaceutical,Home Care,Personal Care,Food & Beverages"}
{"timestamp":"2026-07-28T06:36:29.692Z","level":"LOG","message":"GET /api/products"}
{"timestamp":"2026-07-28T06:36:29.699Z","level":"LOG","message":"- 73mm / 500ml Matka: marketSegments = Personal Care,Food & Beverages,Home Care"}
{"timestamp":"2026-07-28T06:36:29.699Z","level":"LOG","message":"- 25mm / 200ml Brute: marketSegments = Pharmaceutical,Home Care,Industrial"}
{"timestamp":"2026-07-28T06:36:29.699Z","level":"LOG","message":"- 19mm / 100ml Square: marketSegments = Personal Care,Food & Beverages,Home Care"}
{"timestamp":"2026-07-28T06:36:29.699Z","level":"LOG","message":"- 19mm / 50ml Round: marketSegments = Pharmaceutical,Home Care,Personal Care,Food & Beverages"}
{"timestamp":"2026-07-28T06:36:29.710Z","level":"LOG","message":"GET /api/products/categories"}
{"timestamp":"2026-07-28T06:36:29.747Z","level":"LOG","message":"GET /api/products/categories"}
{"timestamp":"2026-07-28T06:36:29.777Z","level":"LOG","message":"GET /favicon.svg"}
{"timestamp":"2026-07-28T06:36:29.971Z","level":"LOG","message":"GET /"}
{"timestamp":"2026-07-28T06:36:30.144Z","level":"LOG","message":"GET /assets/index-DbhVSrIG.js"}
{"timestamp":"2026-07-28T06:36:30.157Z","level":"LOG","message":"GET /assets/index-BMf4nrPI.css"}
{"timestamp":"2026-07-28T06:36:30.577Z","level":"LOG","message":"GET /assets/Map-__M_oImN.jpeg"}
{"timestamp":"2026-07-28T06:36:30.580Z","level":"LOG","message":"GET /assets/Pharna-DZBjz9Bb.png"}
{"timestamp":"2026-07-28T06:36:30.580Z","level":"LOG","message":"GET /assets/Food%20_%20Beverages-5CdNv3ri.png"}
{"timestamp":"2026-07-28T06:36:30.593Z","level":"LOG","message":"GET /assets/radhe-logo-B_jxZqGy.png"}
{"timestamp":"2026-07-28T06:36:30.594Z","level":"LOG","message":"GET /assets/Industrial-BGdZrctT.png"}
{"timestamp":"2026-07-28T06:36:30.594Z","level":"LOG","message":"GET /assets/BOTTLE-CeeQORqf.png"}
{"timestamp":"2026-07-28T06:36:30.594Z","level":"LOG","message":"GET /assets/Personal%20Care-W2Lqo-5I.png"}
{"timestamp":"2026-07-28T06:36:30.595Z","level":"LOG","message":"GET /assets/Home%20care-D5D2SBJK.png"}
{"timestamp":"2026-07-28T06:36:30.886Z","level":"LOG","message":"GET /assets/JAR-D9NsdZGp.png"}
{"timestamp":"2026-07-28T06:36:30.956Z","level":"LOG","message":"GET /assets/CAP-YPir5_aW.png"}
{"timestamp":"2026-07-28T06:36:30.957Z","level":"LOG","message":"GET /assets/PREFORMS-sWuwmMUw.png"}
{"timestamp":"2026-07-28T06:36:30.965Z","level":"LOG","message":"GET /assets/ASHWIN%20HEALTHCARE-DkmTNXEZ.png"}
{"timestamp":"2026-07-28T06:36:30.967Z","level":"LOG","message":"GET /assets/DR%20RASHEL%20BEAUTY-BEYd_P_-.png"}
{"timestamp":"2026-07-28T06:36:30.969Z","level":"LOG","message":"GET /assets/ACPL%20LOGO-BjLoRMu6.png"}
{"timestamp":"2026-07-28T06:36:30.970Z","level":"LOG","message":"GET /assets/ABHAY-wui2kW0U.png"}
{"timestamp":"2026-07-28T06:36:30.971Z","level":"LOG","message":"GET /api/products/categories"}
{"timestamp":"2026-07-28T06:36:30.973Z","level":"LOG","message":"GET /api/products"}
{"timestamp":"2026-07-28T06:36:30.983Z","level":"LOG","message":"- 73mm / 500ml Matka: marketSegments = Personal Care,Food & Beverages,Home Care"}
{"timestamp":"2026-07-28T06:36:30.984Z","level":"LOG","message":"- 25mm / 200ml Brute: marketSegments = Pharmaceutical,Home Care,Industrial"}
{"timestamp":"2026-07-28T06:36:30.984Z","level":"LOG","message":"- 19mm / 100ml Square: marketSegments = Personal Care,Food & Beverages,Home Care"}
{"timestamp":"2026-07-28T06:36:30.984Z","level":"LOG","message":"- 19mm / 50ml Round: marketSegments = Pharmaceutical,Home Care,Personal Care,Food & Beverages"}
{"timestamp":"2026-07-28T06:36:30.993Z","level":"LOG","message":"GET /assets/FLOWER%20BRAND-CdYGOHU3.png"}
{"timestamp":"2026-07-28T06:36:31.154Z","level":"LOG","message":"GET /api/products/categories"}
{"timestamp":"2026-07-28T06:36:31.155Z","level":"LOG","message":"GET /api/products"}
{"timestamp":"2026-07-28T06:36:31.162Z","level":"LOG","message":"- 73mm / 500ml Matka: marketSegments = Personal Care,Food & Beverages,Home Care"}
{"timestamp":"2026-07-28T06:36:31.162Z","level":"LOG","message":"- 25mm / 200ml Brute: marketSegments = Pharmaceutical,Home Care,Industrial"}
{"timestamp":"2026-07-28T06:36:31.162Z","level":"LOG","message":"- 19mm / 100ml Square: marketSegments = Personal Care,Food & Beverages,Home Care"}
{"timestamp":"2026-07-28T06:36:31.162Z","level":"LOG","message":"- 19mm / 50ml Round: marketSegments = Pharmaceutical,Home Care,Personal Care,Food & Beverages"}
{"timestamp":"2026-07-28T06:36:31.251Z","level":"LOG","message":"GET /admin"}
{"timestamp":"2026-07-28T06:36:31.355Z","level":"LOG","message":"GET /api/products/categories"}
{"timestamp":"2026-07-28T06:36:31.361Z","level":"LOG","message":"GET /assets/KALVERTS-B9GIIP_1.png"}
{"timestamp":"2026-07-28T06:36:31.363Z","level":"LOG","message":"GET /assets/HI%20FI%20INDIA-Baz4HqdH.png"}
{"timestamp":"2026-07-28T06:36:31.363Z","level":"LOG","message":"GET /assets/HERBALHILLS-Bj5a8WLk.png"}
{"timestamp":"2026-07-28T06:36:31.375Z","level":"LOG","message":"GET /assets/MAHIDA%20_%20SONS-v_BYHAyC.png"}
{"timestamp":"2026-07-28T06:36:31.465Z","level":"LOG","message":"GET /assets/Optisol%20Lenscare-BCi_yuAG.png"}
{"timestamp":"2026-07-28T06:36:31.497Z","level":"LOG","message":"GET /assets/index-BMf4nrPI.css"}
{"timestamp":"2026-07-28T06:36:31.498Z","level":"LOG","message":"GET /assets/index-DbhVSrIG.js"}
{"timestamp":"2026-07-28T06:36:31.556Z","level":"LOG","message":"GET /assets/SIMANDHAR-4GAyAvK2.png"}
{"timestamp":"2026-07-28T06:36:31.557Z","level":"LOG","message":"GET /assets/SOULFLOWER-_m6N4oRi.png"}
{"timestamp":"2026-07-28T06:36:31.558Z","level":"LOG","message":"GET /assets/TIGER-DfBV1Yy-.png"}
{"timestamp":"2026-07-28T06:36:32.257Z","level":"LOG","message":"GET /admin"}
{"timestamp":"2026-07-28T06:36:32.301Z","level":"LOG","message":"GET /assets/index-DbhVSrIG.js"}
{"timestamp":"2026-07-28T06:36:32.302Z","level":"LOG","message":"GET /assets/index-BMf4nrPI.css"}
{"timestamp":"2026-07-28T06:36:32.519Z","level":"LOG","message":"GET /favicon.svg"}
{"timestamp":"2026-07-28T06:36:36.715Z","level":"LOG","message":"GET /admin"}
{"timestamp":"2026-07-28T06:36:37.085Z","level":"LOG","message":"GET /assets/index-DbhVSrIG.js"}
{"timestamp":"2026-07-28T06:36:37.108Z","level":"LOG","message":"GET /assets/index-BMf4nrPI.css"}
{"timestamp":"2026-07-28T06:36:38.920Z","level":"LOG","message":"GET /favicon.svg"}
{"timestamp":"2026-07-28T06:36:57.138Z","level":"LOG","message":"POST /api/admin/login"}
{"timestamp":"2026-07-28T06:36:57.269Z","level":"LOG","message":"GET /api/products"}
{"timestamp":"2026-07-28T06:36:57.270Z","level":"LOG","message":"GET /favicon.svg"}
{"timestamp":"2026-07-28T06:36:57.272Z","level":"LOG","message":"GET /api/products/categories"}
{"timestamp":"2026-07-28T06:36:57.276Z","level":"LOG","message":"- 73mm / 500ml Matka: marketSegments = Personal Care,Food & Beverages,Home Care"}
{"timestamp":"2026-07-28T06:36:57.277Z","level":"LOG","message":"- 25mm / 200ml Brute: marketSegments = Pharmaceutical,Home Care,Industrial"}
{"timestamp":"2026-07-28T06:36:57.277Z","level":"LOG","message":"- 19mm / 100ml Square: marketSegments = Personal Care,Food & Beverages,Home Care"}
{"timestamp":"2026-07-28T06:36:57.277Z","level":"LOG","message":"- 19mm / 50ml Round: marketSegments = Pharmaceutical,Home Care,Personal Care,Food & Beverages"}
{"timestamp":"2026-07-28T06:37:04.199Z","level":"LOG","message":"GET /uploads/1785211587586-73mm%20-%20500ml%20Matka%20Clear.jpg"}
{"timestamp":"2026-07-28T06:37:11.761Z","level":"LOG","message":"POST /api/products/update-product/6a682ac37e743e4bda53a3cb"}
{"timestamp":"2026-07-28T06:37:11.770Z","level":"ERROR","message":"(node:4182918) [MONGOOSE] Warning: mongoose: the `new` option for `findOneAndUpdate()` and `findOneAndReplace()` is deprecated. Use `returnDocument: 'after'` instead."}
{"timestamp":"2026-07-28T06:37:11.816Z","level":"LOG","message":"GET /api/products"}
{"timestamp":"2026-07-28T06:37:11.821Z","level":"LOG","message":"- 73mm / 500ml Matka: marketSegments = Personal Care,Food & Beverages,Home Care"}
{"timestamp":"2026-07-28T06:37:11.822Z","level":"LOG","message":"- 25mm / 200ml Brute: marketSegments = Pharmaceutical,Home Care,Industrial"}
{"timestamp":"2026-07-28T06:37:11.822Z","level":"LOG","message":"- 19mm / 100ml Square: marketSegments = Personal Care,Food & Beverages,Home Care"}
{"timestamp":"2026-07-28T06:37:11.822Z","level":"LOG","message":"- 19mm / 50ml Round: marketSegments = Pharmaceutical,Home Care,Personal Care,Food & Beverages"}
{"timestamp":"2026-07-28T11:37:47.649Z","level":"LOG","message":"GET /favicon.svg"}
{"timestamp":"2026-07-28T11:37:47.659Z","level":"LOG","message":"GET /assets/Jars%20category-DmcLVyK3.png"}
{"timestamp":"2026-07-28T11:37:47.780Z","level":"LOG","message":"GET /api/products/categories"}
{"timestamp":"2026-07-28T11:37:47.899Z","level":"LOG","message":"GET /api/products/categories"}
{"timestamp":"2026-07-28T11:37:47.901Z","level":"LOG","message":"GET /api/products/neck-sizes"}
{"timestamp":"2026-07-28T11:37:47.963Z","level":"LOG","message":"GET /api/products?category=Jars"}
{"timestamp":"2026-07-28T11:37:47.968Z","level":"LOG","message":"- 73mm / 500ml Matka: marketSegments = Personal Care,Food & Beverages,Home Care"}
{"timestamp":"2026-07-28T11:37:55.195Z","level":"LOG","message":"GET /assets/Pharna-DZBjz9Bb.png"}
{"timestamp":"2026-07-28T11:37:55.329Z","level":"LOG","message":"GET /api/products/neck-sizes"}
{"timestamp":"2026-07-28T11:37:55.331Z","level":"LOG","message":"GET /api/products?marketSegment=Pharmaceutical"}
{"timestamp":"2026-07-28T11:37:55.333Z","level":"LOG","message":"GET /favicon.svg"}
{"timestamp":"2026-07-28T11:37:55.336Z","level":"LOG","message":"- 25mm / 200ml Brute: marketSegments = Pharmaceutical,Home Care,Industrial"}
{"timestamp":"2026-07-28T11:37:55.336Z","level":"LOG","message":"- 19mm / 50ml Round: marketSegments = Pharmaceutical,Home Care,Personal Care,Food & Beverages"}
{"timestamp":"2026-07-28T11:37:55.762Z","level":"LOG","message":"GET /uploads/1785211386441-25mm%20-%20200ml%20Brute%20Clear.jpg"}
{"timestamp":"2026-07-28T11:37:55.774Z","level":"LOG","message":"GET /uploads/1785210975309-19mm%20-%2050ml%20Round%20Clear.jpg"}
{"timestamp":"2026-07-29T06:45:57.955Z","level":"LOG","message":"◇ injected env (1) from .env // tip: ⌘ custom filepath { path: '/custom/path/.env' }"}
{"timestamp":"2026-07-29T06:45:57.955Z","level":"LOG","message":"Starting application..."}
{"timestamp":"2026-07-29T06:45:57.955Z","level":"LOG","message":"MONGO_URI: Loaded"}
{"timestamp":"2026-07-29T06:45:57.955Z","level":"LOG","message":"JWT_SECRET: Loaded"}
{"timestamp":"2026-07-29T06:45:57.957Z","level":"LOG","message":"Connecting to MongoDB..."}
{"timestamp":"2026-07-29T06:45:57.969Z","level":"LOG","message":"Dist Path: /home/u610568114/domains/deeppink-dove-588039.hostingersite.com/nodejs/dist"}
{"timestamp":"2026-07-29T06:45:57.970Z","level":"LOG","message":"About to start server..."}
{"timestamp":"2026-07-29T06:45:57.973Z","level":"LOG","message":"✅ Server running on port 5000"}
{"timestamp":"2026-07-29T06:45:57.985Z","level":"LOG","message":"GET /pharmaceutical"}
{"timestamp":"2026-07-29T06:45:58.195Z","level":"LOG","message":"✅ MongoDB Connected"}
{"timestamp":"2026-07-29T06:45:58.195Z","level":"LOG","message":"Database Name: test"}
{"timestamp":"2026-07-29T06:45:58.340Z","level":"LOG","message":"✅ Admin already exists, skipping creation"}
{"timestamp":"2026-07-29T06:45:58.568Z","level":"LOG","message":"GET /admin/dashboard"}
{"timestamp":"2026-07-29T06:45:58.703Z","level":"LOG","message":"GET /favicon.svg"}
{"timestamp":"2026-07-29T06:45:59.247Z","level":"LOG","message":"GET /favicon.svg"}
{"timestamp":"2026-07-29T06:45:59.449Z","level":"LOG","message":"✅ SMTP Server is ready to send emails!"}
{"timestamp":"2026-07-29T06:46:05.532Z","level":"LOG","message":"GET /admin/dashboard"}
{"timestamp":"2026-07-29T06:46:05.937Z","level":"LOG","message":"GET /assets/index-DbhVSrIG.js"}
{"timestamp":"2026-07-29T06:46:05.938Z","level":"LOG","message":"GET /assets/index-BMf4nrPI.css"}
{"timestamp":"2026-07-29T06:46:07.726Z","level":"LOG","message":"GET /favicon.svg"}
{"timestamp":"2026-07-29T06:46:08.154Z","level":"LOG","message":"GET /favicon.svg"}
{"timestamp":"2026-07-29T08:52:32.082Z","level":"LOG","message":"GET /"}
{"timestamp":"2026-07-29T08:52:32.400Z","level":"LOG","message":"GET /assets/index-DbhVSrIG.js"}
{"timestamp":"2026-07-29T08:52:32.401Z","level":"LOG","message":"GET /assets/index-BMf4nrPI.css"}
{"timestamp":"2026-07-29T08:52:32.649Z","level":"LOG","message":"GET /assets/radhe-logo-B_jxZqGy.png"}
{"timestamp":"2026-07-29T08:52:32.654Z","level":"LOG","message":"GET /assets/Map-__M_oImN.jpeg"}
{"timestamp":"2026-07-29T08:52:32.654Z","level":"LOG","message":"GET /assets/Personal%20Care-W2Lqo-5I.png"}
{"timestamp":"2026-07-29T08:52:32.656Z","level":"LOG","message":"GET /assets/Industrial-BGdZrctT.png"}
{"timestamp":"2026-07-29T08:52:32.660Z","level":"LOG","message":"GET /assets/Pharna-DZBjz9Bb.png"}
{"timestamp":"2026-07-29T08:52:32.660Z","level":"LOG","message":"GET /assets/Food%20_%20Beverages-5CdNv3ri.png"}
{"timestamp":"2026-07-29T08:52:32.662Z","level":"LOG","message":"GET /assets/ABHAY-wui2kW0U.png"}
{"timestamp":"2026-07-29T08:52:32.664Z","level":"LOG","message":"GET /assets/BOTTLE-CeeQORqf.png"}
{"timestamp":"2026-07-29T08:52:32.664Z","level":"LOG","message":"GET /assets/CAP-YPir5_aW.png"}
{"timestamp":"2026-07-29T08:52:32.665Z","level":"LOG","message":"GET /assets/HI%20FI%20INDIA-Baz4HqdH.png"}
{"timestamp":"2026-07-29T08:52:32.666Z","level":"LOG","message":"GET /assets/Home%20care-D5D2SBJK.png"}
{"timestamp":"2026-07-29T08:52:32.667Z","level":"LOG","message":"GET /assets/Optisol%20Lenscare-BCi_yuAG.png"}
{"timestamp":"2026-07-29T08:52:32.667Z","level":"LOG","message":"GET /assets/ACPL%20LOGO-BjLoRMu6.png"}
{"timestamp":"2026-07-29T08:52:32.670Z","level":"LOG","message":"GET /assets/JAR-D9NsdZGp.png"}
{"timestamp":"2026-07-29T08:52:32.672Z","level":"LOG","message":"GET /assets/ASHWIN%20HEALTHCARE-DkmTNXEZ.png"}
{"timestamp":"2026-07-29T08:52:32.672Z","level":"LOG","message":"GET /assets/DR%20RASHEL%20BEAUTY-BEYd_P_-.png"}
{"timestamp":"2026-07-29T08:52:32.673Z","level":"LOG","message":"GET /assets/PREFORMS-sWuwmMUw.png"}
{"timestamp":"2026-07-29T08:52:32.675Z","level":"LOG","message":"GET /assets/FLOWER%20BRAND-CdYGOHU3.png"}
{"timestamp":"2026-07-29T08:52:32.680Z","level":"LOG","message":"GET /assets/HERBALHILLS-Bj5a8WLk.png"}
{"timestamp":"2026-07-29T08:52:32.680Z","level":"LOG","message":"GET /assets/KALVERTS-B9GIIP_1.png"}
{"timestamp":"2026-07-29T08:52:32.686Z","level":"LOG","message":"GET /assets/MAHIDA%20_%20SONS-v_BYHAyC.png"}
{"timestamp":"2026-07-29T08:52:32.691Z","level":"LOG","message":"GET /assets/SIMANDHAR-4GAyAvK2.png"}
{"timestamp":"2026-07-29T08:52:32.697Z","level":"LOG","message":"GET /assets/SOULFLOWER-_m6N4oRi.png"}
{"timestamp":"2026-07-29T08:52:32.697Z","level":"LOG","message":"GET /assets/TIGER-DfBV1Yy-.png"}
{"timestamp":"2026-07-29T08:52:32.977Z","level":"LOG","message":"GET /api/products"}
{"timestamp":"2026-07-29T08:52:32.981Z","level":"LOG","message":"GET /api/products/categories"}
{"timestamp":"2026-07-29T08:52:32.991Z","level":"LOG","message":"- 73mm / 500ml Matka: marketSegments = Personal Care,Food & Beverages,Home Care"}
{"timestamp":"2026-07-29T08:52:32.991Z","level":"LOG","message":"- 25mm / 200ml Brute: marketSegments = Pharmaceutical,Home Care,Industrial"}
{"timestamp":"2026-07-29T08:52:32.991Z","level":"LOG","message":"- 19mm / 100ml Square: marketSegments = Personal Care,Food & Beverages,Home Care"}
{"timestamp":"2026-07-29T08:52:32.991Z","level":"LOG","message":"- 19mm / 50ml Round: marketSegments = Pharmaceutical,Home Care,Personal Care,Food & Beverages"}
{"timestamp":"2026-07-29T08:52:33.010Z","level":"LOG","message":"GET /api/products"}
{"timestamp":"2026-07-29T08:52:33.018Z","level":"LOG","message":"- 73mm / 500ml Matka: marketSegments = Personal Care,Food & Beverages,Home Care"}
{"timestamp":"2026-07-29T08:52:33.018Z","level":"LOG","message":"- 25mm / 200ml Brute: marketSegments = Pharmaceutical,Home Care,Industrial"}
{"timestamp":"2026-07-29T08:52:33.018Z","level":"LOG","message":"- 19mm / 100ml Square: marketSegments = Personal Care,Food & Beverages,Home Care"}
{"timestamp":"2026-07-29T08:52:33.018Z","level":"LOG","message":"- 19mm / 50ml Round: marketSegments = Pharmaceutical,Home Care,Personal Care,Food & Beverages"}
{"timestamp":"2026-07-29T08:52:33.019Z","level":"LOG","message":"GET /api/products/categories"}
{"timestamp":"2026-07-29T08:52:33.041Z","level":"LOG","message":"GET /api/products/categories"}
{"timestamp":"2026-07-29T08:52:33.650Z","level":"LOG","message":"GET /favicon.svg"}
{"timestamp":"2026-07-29T08:52:36.010Z","level":"LOG","message":"GET /admin"}
{"timestamp":"2026-07-29T08:52:36.167Z","level":"LOG","message":"GET /assets/index-DbhVSrIG.js"}
{"timestamp":"2026-07-29T08:52:36.168Z","level":"LOG","message":"GET /assets/index-BMf4nrPI.css"}
{"timestamp":"2026-07-29T08:52:37.403Z","level":"LOG","message":"GET /favicon.svg"}
{"timestamp":"2026-07-29T08:52:40.156Z","level":"LOG","message":"GET /"}
{"timestamp":"2026-07-29T08:52:40.495Z","level":"LOG","message":"GET /assets/index-DbhVSrIG.js"}
{"timestamp":"2026-07-29T08:52:40.496Z","level":"LOG","message":"GET /assets/index-BMf4nrPI.css"}
{"timestamp":"2026-07-29T08:52:42.370Z","level":"LOG","message":"GET /assets/radhe-logo-B_jxZqGy.png"}
{"timestamp":"2026-07-29T08:52:42.432Z","level":"LOG","message":"GET /api/products"}
{"timestamp":"2026-07-29T08:52:42.434Z","level":"LOG","message":"GET /favicon.svg"}
{"timestamp":"2026-07-29T08:52:42.434Z","level":"LOG","message":"GET /api/products/categories"}
{"timestamp":"2026-07-29T08:52:42.435Z","level":"LOG","message":"GET /assets/Map-__M_oImN.jpeg"}
{"timestamp":"2026-07-29T08:52:42.436Z","level":"LOG","message":"GET /assets/Food%20_%20Beverages-5CdNv3ri.png"}
{"timestamp":"2026-07-29T08:52:42.438Z","level":"LOG","message":"GET /assets/Industrial-BGdZrctT.png"}
{"timestamp":"2026-07-29T08:52:42.439Z","level":"LOG","message":"- 73mm / 500ml Matka: marketSegments = Personal Care,Food & Beverages,Home Care"}
{"timestamp":"2026-07-29T08:52:42.439Z","level":"LOG","message":"- 25mm / 200ml Brute: marketSegments = Pharmaceutical,Home Care,Industrial"}
{"timestamp":"2026-07-29T08:52:42.439Z","level":"LOG","message":"- 19mm / 100ml Square: marketSegments = Personal Care,Food & Beverages,Home Care"}
{"timestamp":"2026-07-29T08:52:42.439Z","level":"LOG","message":"- 19mm / 50ml Round: marketSegments = Pharmaceutical,Home Care,Personal Care,Food & Beverages"}
{"timestamp":"2026-07-29T08:52:42.442Z","level":"LOG","message":"GET /assets/Pharna-DZBjz9Bb.png"}
{"timestamp":"2026-07-29T08:52:42.442Z","level":"LOG","message":"GET /assets/Personal%20Care-W2Lqo-5I.png"}
{"timestamp":"2026-07-29T08:52:42.443Z","level":"LOG","message":"GET /assets/BOTTLE-CeeQORqf.png"}
{"timestamp":"2026-07-29T08:52:42.444Z","level":"LOG","message":"GET /assets/Home%20care-D5D2SBJK.png"}
{"timestamp":"2026-07-29T08:52:42.880Z","level":"LOG","message":"GET /api/products/categories"}
{"timestamp":"2026-07-29T08:52:42.882Z","level":"LOG","message":"GET /api/products"}
{"timestamp":"2026-07-29T08:52:42.894Z","level":"LOG","message":"- 73mm / 500ml Matka: marketSegments = Personal Care,Food & Beverages,Home Care"}
{"timestamp":"2026-07-29T08:52:42.894Z","level":"LOG","message":"- 25mm / 200ml Brute: marketSegments = Pharmaceutical,Home Care,Industrial"}
{"timestamp":"2026-07-29T08:52:42.894Z","level":"LOG","message":"- 19mm / 100ml Square: marketSegments = Personal Care,Food & Beverages,Home Care"}
{"timestamp":"2026-07-29T08:52:42.894Z","level":"LOG","message":"- 19mm / 50ml Round: marketSegments = Pharmaceutical,Home Care,Personal Care,Food & Beverages"}
{"timestamp":"2026-07-29T08:52:43.327Z","level":"LOG","message":"GET /api/products/categories"}
{"timestamp":"2026-07-29T08:52:43.474Z","level":"LOG","message":"GET /assets/JAR-D9NsdZGp.png"}
{"timestamp":"2026-07-29T08:52:43.475Z","level":"LOG","message":"GET /assets/CAP-YPir5_aW.png"}
{"timestamp":"2026-07-29T08:52:43.540Z","level":"LOG","message":"GET /assets/ABHAY-wui2kW0U.png"}
{"timestamp":"2026-07-29T08:52:43.540Z","level":"LOG","message":"GET /assets/PREFORMS-sWuwmMUw.png"}
{"timestamp":"2026-07-29T08:52:43.543Z","level":"LOG","message":"GET /assets/ACPL%20LOGO-BjLoRMu6.png"}
{"timestamp":"2026-07-29T08:52:43.937Z","level":"LOG","message":"GET /assets/ASHWIN%20HEALTHCARE-DkmTNXEZ.png"}
{"timestamp":"2026-07-29T08:52:43.961Z","level":"LOG","message":"GET /assets/FLOWER%20BRAND-CdYGOHU3.png"}
{"timestamp":"2026-07-29T08:52:43.963Z","level":"LOG","message":"GET /assets/DR%20RASHEL%20BEAUTY-BEYd_P_-.png"}
{"timestamp":"2026-07-29T08:52:44.076Z","level":"LOG","message":"GET /assets/HERBALHILLS-Bj5a8WLk.png"}
{"timestamp":"2026-07-29T08:52:44.188Z","level":"LOG","message":"GET /assets/HI%20FI%20INDIA-Baz4HqdH.png"}
{"timestamp":"2026-07-29T08:52:44.257Z","level":"LOG","message":"GET /assets/MAHIDA%20_%20SONS-v_BYHAyC.png"}
{"timestamp":"2026-07-29T08:52:44.258Z","level":"LOG","message":"GET /assets/KALVERTS-B9GIIP_1.png"}
{"timestamp":"2026-07-29T08:52:44.313Z","level":"LOG","message":"GET /assets/Optisol%20Lenscare-BCi_yuAG.png"}
{"timestamp":"2026-07-29T08:52:44.524Z","level":"LOG","message":"GET /assets/SIMANDHAR-4GAyAvK2.png"}
{"timestamp":"2026-07-29T08:52:44.589Z","level":"LOG","message":"GET /assets/TIGER-DfBV1Yy-.png"}
{"timestamp":"2026-07-29T08:52:44.594Z","level":"LOG","message":"GET /assets/SOULFLOWER-_m6N4oRi.png"}
{"timestamp":"2026-07-29T08:52:45.037Z","level":"LOG","message":"POST /api/admin/login"}
{"timestamp":"2026-07-29T08:52:56.841Z","level":"LOG","message":"POST /api/admin/login"}
{"timestamp":"2026-07-29T08:52:56.956Z","level":"LOG","message":"GET /favicon.svg"}
{"timestamp":"2026-07-29T08:52:57.040Z","level":"LOG","message":"GET /api/products/categories"}
{"timestamp":"2026-07-29T08:52:57.042Z","level":"LOG","message":"GET /api/products"}
{"timestamp":"2026-07-29T08:52:57.047Z","level":"LOG","message":"- 73mm / 500ml Matka: marketSegments = Personal Care,Food & Beverages,Home Care"}
{"timestamp":"2026-07-29T08:52:57.048Z","level":"LOG","message":"- 25mm / 200ml Brute: marketSegments = Pharmaceutical,Home Care,Industrial"}
{"timestamp":"2026-07-29T08:52:57.048Z","level":"LOG","message":"- 19mm / 100ml Square: marketSegments = Personal Care,Food & Beverages,Home Care"}
{"timestamp":"2026-07-29T08:52:57.048Z","level":"LOG","message":"- 19mm / 50ml Round: marketSegments = Pharmaceutical,Home Care,Personal Care,Food & Beverages"}
{"timestamp":"2026-07-29T08:53:16.042Z","level":"LOG","message":"GET /"}
{"timestamp":"2026-07-29T08:53:16.495Z","level":"LOG","message":"GET /assets/index-BMf4nrPI.css"}
{"timestamp":"2026-07-29T08:53:16.497Z","level":"LOG","message":"GET /assets/index-DbhVSrIG.js"}
{"timestamp":"2026-07-29T08:53:18.795Z","level":"LOG","message":"GET /assets/radhe-logo-B_jxZqGy.png"}
{"timestamp":"2026-07-29T08:53:18.834Z","level":"LOG","message":"GET /api/products/categories"}
{"timestamp":"2026-07-29T08:53:18.840Z","level":"LOG","message":"GET /assets/BOTTLE-CeeQORqf.png"}
{"timestamp":"2026-07-29T08:53:18.840Z","level":"LOG","message":"GET /assets/Personal%20Care-W2Lqo-5I.png"}
{"timestamp":"2026-07-29T08:53:18.842Z","level":"LOG","message":"GET /assets/Map-__M_oImN.jpeg"}
{"timestamp":"2026-07-29T08:53:18.843Z","level":"LOG","message":"GET /assets/Food%20_%20Beverages-5CdNv3ri.png"}
{"timestamp":"2026-07-29T08:53:18.844Z","level":"LOG","message":"GET /assets/Home%20care-D5D2SBJK.png"}
{"timestamp":"2026-07-29T08:53:18.858Z","level":"LOG","message":"GET /assets/Pharna-DZBjz9Bb.png"}
{"timestamp":"2026-07-29T08:53:18.859Z","level":"LOG","message":"GET /assets/Industrial-BGdZrctT.png"}
{"timestamp":"2026-07-29T08:53:18.888Z","level":"LOG","message":"GET /api/products"}
{"timestamp":"2026-07-29T08:53:18.894Z","level":"LOG","message":"- 73mm / 500ml Matka: marketSegments = Personal Care,Food & Beverages,Home Care"}
{"timestamp":"2026-07-29T08:53:18.894Z","level":"LOG","message":"- 25mm / 200ml Brute: marketSegments = Pharmaceutical,Home Care,Industrial"}
{"timestamp":"2026-07-29T08:53:18.894Z","level":"LOG","message":"- 19mm / 100ml Square: marketSegments = Personal Care,Food & Beverages,Home Care"}
{"timestamp":"2026-07-29T08:53:18.894Z","level":"LOG","message":"- 19mm / 50ml Round: marketSegments = Pharmaceutical,Home Care,Personal Care,Food & Beverages"}
{"timestamp":"2026-07-29T08:53:18.908Z","level":"LOG","message":"GET /favicon.svg"}
{"timestamp":"2026-07-29T08:53:19.246Z","level":"LOG","message":"GET /api/products/categories"}
{"timestamp":"2026-07-29T08:53:19.276Z","level":"LOG","message":"GET /api/products"}
{"timestamp":"2026-07-29T08:53:19.283Z","level":"LOG","message":"- 73mm / 500ml Matka: marketSegments = Personal Care,Food & Beverages,Home Care"}
{"timestamp":"2026-07-29T08:53:19.283Z","level":"LOG","message":"- 25mm / 200ml Brute: marketSegments = Pharmaceutical,Home Care,Industrial"}
{"timestamp":"2026-07-29T08:53:19.283Z","level":"LOG","message":"- 19mm / 100ml Square: marketSegments = Personal Care,Food & Beverages,Home Care"}
{"timestamp":"2026-07-29T08:53:19.283Z","level":"LOG","message":"- 19mm / 50ml Round: marketSegments = Pharmaceutical,Home Care,Personal Care,Food & Beverages"}
{"timestamp":"2026-07-29T08:53:19.705Z","level":"LOG","message":"GET /api/products/categories"}
{"timestamp":"2026-07-29T08:53:20.088Z","level":"LOG","message":"GET /assets/JAR-D9NsdZGp.png"}
{"timestamp":"2026-07-29T08:53:20.145Z","level":"LOG","message":"GET /assets/CAP-YPir5_aW.png"}
{"timestamp":"2026-07-29T08:53:20.385Z","level":"LOG","message":"GET /assets/PREFORMS-sWuwmMUw.png"}
{"timestamp":"2026-07-29T08:53:20.396Z","level":"LOG","message":"GET /assets/DR%20RASHEL%20BEAUTY-BEYd_P_-.png"}
{"timestamp":"2026-07-29T08:53:20.396Z","level":"LOG","message":"GET /assets/ASHWIN%20HEALTHCARE-DkmTNXEZ.png"}
{"timestamp":"2026-07-29T08:53:20.398Z","level":"LOG","message":"GET /assets/ACPL%20LOGO-BjLoRMu6.png"}
{"timestamp":"2026-07-29T08:53:20.398Z","level":"LOG","message":"GET /assets/ABHAY-wui2kW0U.png"}
{"timestamp":"2026-07-29T08:53:20.402Z","level":"LOG","message":"GET /assets/FLOWER%20BRAND-CdYGOHU3.png"}
{"timestamp":"2026-07-29T08:53:20.643Z","level":"LOG","message":"GET /assets/HERBALHILLS-Bj5a8WLk.png"}
{"timestamp":"2026-07-29T08:53:20.699Z","level":"LOG","message":"GET /assets/HI%20FI%20INDIA-Baz4HqdH.png"}
{"timestamp":"2026-07-29T08:53:20.858Z","level":"LOG","message":"GET /assets/KALVERTS-B9GIIP_1.png"}
{"timestamp":"2026-07-29T08:53:20.907Z","level":"LOG","message":"GET /assets/Optisol%20Lenscare-BCi_yuAG.png"}
{"timestamp":"2026-07-29T08:53:20.913Z","level":"LOG","message":"GET /assets/SOULFLOWER-_m6N4oRi.png"}
{"timestamp":"2026-07-29T08:53:20.913Z","level":"LOG","message":"GET /assets/SIMANDHAR-4GAyAvK2.png"}
{"timestamp":"2026-07-29T08:53:20.914Z","level":"LOG","message":"GET /assets/MAHIDA%20_%20SONS-v_BYHAyC.png"}
{"timestamp":"2026-07-29T08:53:20.983Z","level":"LOG","message":"GET /assets/TIGER-DfBV1Yy-.png"}
{"timestamp":"2026-07-29T08:53:23.399Z","level":"LOG","message":"POST /api/products/add-product"}
{"timestamp":"2026-07-29T08:53:23.405Z","level":"LOG","message":"[DEBUG] Request body: {\"name\":\"28mm / 200ml MW\",\"sku\":\"\",\"category\":\"Bottles\",\"productType\":\"\",\"color\":\"[\\\"Clear\\\"]\",\"moqPackaging\":\"{\\\"Clear\\\":\\\"640\\\"}\",\"capType\":\"\",\"usage\":\"\",\"keySpecs\":\"\",\"marketSegments\":\"[\\\"Food & Beverages\\\"]\",\"volume\":\"\",\"neckSize\":\"\",\"weight\":\"\",\"neckProfile\":\"[]\",\"ofc\":\"\",\"height\":\"\",\"diameter\":\"\",\"pilfer\":\"\",\"length\":\"\"}"}
{"timestamp":"2026-07-29T08:53:23.405Z","level":"LOG","message":"[DEBUG] Request files: []"}
{"timestamp":"2026-07-29T08:53:23.405Z","level":"LOG","message":"[DEBUG] parsedNeckProfile: []"}
{"timestamp":"2026-07-29T08:53:23.431Z","level":"LOG","message":"[DEBUG] Creating product with data: {\"name\":\"28mm / 200ml MW\",\"category\":\"Bottles\",\"productType\":\"\",\"color\":[\"Clear\"],\"moqPackaging\":{\"Clear\":\"640\"},\"capType\":\"\",\"usage\":\"\",\"keySpecs\":\"\",\"images\":{},\"showInPopup\":false,\"marketSegments\":[\"Food & Beverages\"],\"volume\":\"\",\"neckSize\":\"\",\"weight\":\"\",\"neckProfile\":[],\"ofc\":\"\",\"height\":\"\",\"diameter\":\"\",\"pilfer\":\"\",\"length\":\"\",\"sku\":\"SKU-0011\"}"}
{"timestamp":"2026-07-29T08:53:23.448Z","level":"ERROR","message":"Error adding product: MongoServerError: E11000 duplicate key error collection: test.products index: sku_1 dup key: { sku: \"SKU-0011\" }\n    at InsertOneOperation.handleOk (/home/u610568114/domains/deeppink-dove-588039.hostingersite.com/nodejs/node_modules/mongoose/node_modules/mongodb/lib/operations/insert.js:51:19)\n    at executeOperationWithRetries (/home/u610568114/domains/deeppink-dove-588039.hostingersite.com/nodejs/node_modules/mongoose/node_modules/mongodb/lib/operations/execute_operation.js:194:34)\n    at process.processTicksAndRejections (node:internal/process/task_queues:105:5)\n    at async executeOperation (/home/u610568114/domains/deeppink-dove-588039.hostingersite.com/nodejs/node_modules/mongoose/node_modules/mongodb/lib/operations/execute_operation.js:83:16)\n    at async Collection.insertOne (/home/u610568114/domains/deeppink-dove-588039.hostingersite.com/nodejs/node_modules/mongoose/node_modules/mongodb/lib/collection.js:154:16)\n    at async model.$__save (/home/u610568114/domains/deeppink-dove-588039.hostingersite.com/nodejs/node_modules/mongoose/lib/model.js:433:16)\n    at async maybeTracedSave (/home/u610568114/domains/deeppink-dove-588039.hostingersite.com/nodejs/node_modules/mongoose/lib/model.js:674:7)\n    at async Function.create (/home/u610568114/domains/deeppink-dove-588039.hostingersite.com/nodejs/node_modules/mongoose/lib/model.js:2762:5)\n    at async addProduct (file:///home/u610568114/domains/deeppink-dove-588039.hostingersite.com/nodejs/controllers/productController.js:466:21)"}
{"timestamp":"2026-07-29T08:54:25.264Z","level":"LOG","message":"POST /api/products/add-product"}
{"timestamp":"2026-07-29T08:54:25.277Z","level":"LOG","message":"[DEBUG] Request body: {\"name\":\"28mm / 200ml MW\",\"sku\":\"SS001\",\"category\":\"Bottles\",\"productType\":\"\",\"color\":\"[\\\"Clear\\\"]\",\"moqPackaging\":\"{\\\"Clear\\\":\\\"640\\\"}\",\"capType\":\"\",\"usage\":\"\",\"keySpecs\":\"\",\"marketSegments\":\"[\\\"Food & Beverages\\\"]\",\"volume\":\"200ml\",\"neckSize\":\"28mm\",\"weight\":\"13.5gm\",\"neckProfile\":\"[\\\"Alaska\\\"]\",\"ofc\":\"210ml\",\"height\":\"142mm\",\"diameter\":\"47mm X 47mm\",\"pilfer\":\"\",\"length\":\"\"}"}
{"timestamp":"2026-07-29T08:54:25.277Z","level":"LOG","message":"[DEBUG] Request files: [{\"fieldname\":\"image-Clear\",\"originalname\":\"28mm - 200ml MW Clear.jpg\",\"encoding\":\"7bit\",\"mimetype\":\"image/jpeg\",\"destination\":\"/home/u610568114/domains/deeppink-dove-588039.hostingersite.com/nodejs/uploads/\",\"filename\":\"1785315265266-28mm - 200ml MW Clear.jpg\",\"path\":\"/home/u610568114/domains/deeppink-dove-588039.hostingersite.com/nodejs/uploads/1785315265266-28mm - 200ml MW Clear.jpg\",\"size\":3754313}]"}
{"timestamp":"2026-07-29T08:54:25.278Z","level":"LOG","message":"[DEBUG] parsedNeckProfile: [\"Alaska\"]"}
{"timestamp":"2026-07-29T08:54:25.285Z","level":"LOG","message":"[DEBUG] Creating product with data: {\"name\":\"28mm / 200ml MW\",\"category\":\"Bottles\",\"productType\":\"\",\"color\":[\"Clear\"],\"moqPackaging\":{\"Clear\":\"640\"},\"capType\":\"\",\"usage\":\"\",\"keySpecs\":\"\",\"images\":{\"Clear\":\"1785315265266-28mm - 200ml MW Clear.jpg\"},\"showInPopup\":false,\"marketSegments\":[\"Food & Beverages\"],\"volume\":\"200ml\",\"neckSize\":\"28mm\",\"weight\":\"13.5gm\",\"neckProfile\":[\"Alaska\"],\"ofc\":\"210ml\",\"height\":\"142mm\",\"diameter\":\"47mm X 47mm\",\"pilfer\":\"\",\"length\":\"\",\"sku\":\"SKU-0012\"}"}
{"timestamp":"2026-07-29T08:54:25.311Z","level":"LOG","message":"GET /api/products"}
{"timestamp":"2026-07-29T08:54:25.319Z","level":"LOG","message":"- 28mm / 200ml MW: marketSegments = Food & Beverages"}
{"timestamp":"2026-07-29T08:54:25.319Z","level":"LOG","message":"- 73mm / 500ml Matka: marketSegments = Personal Care,Food & Beverages,Home Care"}
{"timestamp":"2026-07-29T08:54:25.319Z","level":"LOG","message":"- 25mm / 200ml Brute: marketSegments = Pharmaceutical,Home Care,Industrial"}
{"timestamp":"2026-07-29T08:54:25.319Z","level":"LOG","message":"- 19mm / 100ml Square: marketSegments = Personal Care,Food & Beverages,Home Care"}
{"timestamp":"2026-07-29T08:54:25.319Z","level":"LOG","message":"- 19mm / 50ml Round: marketSegments = Pharmaceutical,Home Care,Personal Care,Food & Beverages"}
{"timestamp":"2026-07-29T08:54:47.384Z","level":"LOG","message":"GET /uploads/1785315265266-28mm%20-%20200ml%20MW%20Clear.jpg"}
{"timestamp":"2026-07-29T08:54:52.313Z","level":"LOG","message":"POST /api/products/update-product/6a69bfc1bdae75e194765ddd"}
{"timestamp":"2026-07-29T08:54:52.325Z","level":"ERROR","message":"(node:155778) [MONGOOSE] Warning: mongoose: the `new` option for `findOneAndUpdate()` and `findOneAndReplace()` is deprecated. Use `returnDocument: 'after'` instead.\n(Use `node --trace-warnings ...` to show where the warning was created)"}
{"timestamp":"2026-07-29T08:54:52.344Z","level":"LOG","message":"GET /api/products"}
{"timestamp":"2026-07-29T08:54:52.351Z","level":"LOG","message":"- 28mm / 200ml MW: marketSegments = Food & Beverages"}
{"timestamp":"2026-07-29T08:54:52.351Z","level":"LOG","message":"- 73mm / 500ml Matka: marketSegments = Personal Care,Food & Beverages,Home Care"}
{"timestamp":"2026-07-29T08:54:52.351Z","level":"LOG","message":"- 25mm / 200ml Brute: marketSegments = Pharmaceutical,Home Care,Industrial"}
{"timestamp":"2026-07-29T08:54:52.351Z","level":"LOG","message":"- 19mm / 100ml Square: marketSegments = Personal Care,Food & Beverages,Home Care"}
{"timestamp":"2026-07-29T08:54:52.351Z","level":"LOG","message":"- 19mm / 50ml Round: marketSegments = Pharmaceutical,Home Care,Personal Care,Food & Beverages"}
{"timestamp":"2026-07-29T08:59:52.981Z","level":"LOG","message":"POST /api/products/add-product"}
{"timestamp":"2026-07-29T08:59:52.987Z","level":"LOG","message":"[DEBUG] Request body: {\"name\":\"28mm / 450ml Pharma\",\"sku\":\"\",\"category\":\"Bottles\",\"productType\":\"\",\"color\":\"[\\\"Amber\\\"]\",\"moqPackaging\":\"{\\\"Amber\\\":\\\"2640\\\"}\",\"capType\":\"\",\"usage\":\"\",\"keySpecs\":\"\",\"marketSegments\":\"[\\\"Pharmaceutical\\\",\\\"Personal Care\\\",\\\"Industrial\\\"]\",\"volume\":\"450ml\",\"neckSize\":\"28mm\",\"weight\":\"36gm, 40gm\",\"neckProfile\":\"[\\\"PCO\\\",\\\"ROPP\\\"]\",\"ofc\":\"525ml\",\"height\":\"168mm\",\"diameter\":\"73mm\",\"pilfer\":\"\",\"length\":\"\"}"}
{"timestamp":"2026-07-29T08:59:52.987Z","level":"LOG","message":"[DEBUG] Request files: [{\"fieldname\":\"image-Amber\",\"originalname\":\"28mm - 450ml Pharma Amber.jpg\",\"encoding\":\"7bit\",\"mimetype\":\"image/jpeg\",\"destination\":\"/home/u610568114/domains/deeppink-dove-588039.hostingersite.com/nodejs/uploads/\",\"filename\":\"1785315592982-28mm - 450ml Pharma Amber.jpg\",\"path\":\"/home/u610568114/domains/deeppink-dove-588039.hostingersite.com/nodejs/uploads/1785315592982-28mm - 450ml Pharma Amber.jpg\",\"size\":2747902}]"}
{"timestamp":"2026-07-29T08:59:52.987Z","level":"LOG","message":"[DEBUG] parsedNeckProfile: [\"PCO\",\"ROPP\"]"}
{"timestamp":"2026-07-29T08:59:53.008Z","level":"LOG","message":"[DEBUG] Creating product with data: {\"name\":\"28mm / 450ml Pharma\",\"category\":\"Bottles\",\"productType\":\"\",\"color\":[\"Amber\"],\"moqPackaging\":{\"Amber\":\"2640\"},\"capType\":\"\",\"usage\":\"\",\"keySpecs\":\"\",\"images\":{\"Amber\":\"1785315592982-28mm - 450ml Pharma Amber.jpg\"},\"showInPopup\":false,\"marketSegments\":[\"Pharmaceutical\",\"Personal Care\",\"Industrial\"],\"volume\":\"450ml\",\"neckSize\":\"28mm\",\"weight\":\"36gm, 40gm\",\"neckProfile\":[\"PCO\",\"ROPP\"],\"ofc\":\"525ml\",\"height\":\"168mm\",\"diameter\":\"73mm\",\"pilfer\":\"\",\"length\":\"\",\"sku\":\"SKU-0013\"}"}
{"timestamp":"2026-07-29T08:59:53.030Z","level":"LOG","message":"GET /api/products"}
{"timestamp":"2026-07-29T08:59:53.036Z","level":"LOG","message":"- 28mm / 450ml Pharma: marketSegments = Pharmaceutical,Personal Care,Industrial"}
{"timestamp":"2026-07-29T08:59:53.036Z","level":"LOG","message":"- 28mm / 200ml MW: marketSegments = Food & Beverages"}
{"timestamp":"2026-07-29T08:59:53.036Z","level":"LOG","message":"- 73mm / 500ml Matka: marketSegments = Personal Care,Food & Beverages,Home Care"}
{"timestamp":"2026-07-29T08:59:53.036Z","level":"LOG","message":"- 25mm / 200ml Brute: marketSegments = Pharmaceutical,Home Care,Industrial"}
{"timestamp":"2026-07-29T08:59:53.036Z","level":"LOG","message":"- 19mm / 100ml Square: marketSegments = Personal Care,Food & Beverages,Home Care"}
{"timestamp":"2026-07-29T08:59:53.036Z","level":"LOG","message":"- 19mm / 50ml Round: marketSegments = Pharmaceutical,Home Care,Personal Care,Food & Beverages"}
{"timestamp":"2026-07-29T08:59:54.916Z","level":"LOG","message":"GET /uploads/1785315592982-28mm%20-%20450ml%20Pharma%20Amber.jpg"}
{"timestamp":"2026-07-29T09:00:02.443Z","level":"LOG","message":"POST /api/products/update-product/6a69c109bdae75e194765dde"}
{"timestamp":"2026-07-29T09:00:02.452Z","level":"ERROR","message":"(node:155778) [MONGOOSE] Warning: mongoose: the `new` option for `findOneAndUpdate()` and `findOneAndReplace()` is deprecated. Use `returnDocument: 'after'` instead."}
{"timestamp":"2026-07-29T09:00:02.479Z","level":"LOG","message":"GET /api/products"}
{"timestamp":"2026-07-29T09:00:02.485Z","level":"LOG","message":"- 28mm / 450ml Pharma: marketSegments = Pharmaceutical,Personal Care,Industrial"}
{"timestamp":"2026-07-29T09:00:02.485Z","level":"LOG","message":"- 28mm / 200ml MW: marketSegments = Food & Beverages"}
{"timestamp":"2026-07-29T09:00:02.485Z","level":"LOG","message":"- 73mm / 500ml Matka: marketSegments = Personal Care,Food & Beverages,Home Care"}
{"timestamp":"2026-07-29T09:00:02.485Z","level":"LOG","message":"- 25mm / 200ml Brute: marketSegments = Pharmaceutical,Home Care,Industrial"}
{"timestamp":"2026-07-29T09:00:02.485Z","level":"LOG","message":"- 19mm / 100ml Square: marketSegments = Personal Care,Food & Beverages,Home Care"}
{"timestamp":"2026-07-29T09:00:02.485Z","level":"LOG","message":"- 19mm / 50ml Round: marketSegments = Pharmaceutical,Home Care,Personal Care,Food & Beverages"}
{"timestamp":"2026-07-29T09:46:18.823Z","level":"LOG","message":"◇ injected env (1) from .env // tip: ⌁ auth for agents [www.vestauth.com]"}
{"timestamp":"2026-07-29T09:46:18.824Z","level":"LOG","message":"Starting application..."}
{"timestamp":"2026-07-29T09:46:18.824Z","level":"LOG","message":"MONGO_URI: Loaded"}
{"timestamp":"2026-07-29T09:46:18.824Z","level":"LOG","message":"JWT_SECRET: Loaded"}
{"timestamp":"2026-07-29T09:46:18.826Z","level":"LOG","message":"Connecting to MongoDB..."}
{"timestamp":"2026-07-29T09:46:18.838Z","level":"LOG","message":"Dist Path: /home/u610568114/domains/deeppink-dove-588039.hostingersite.com/nodejs/dist"}
{"timestamp":"2026-07-29T09:46:18.838Z","level":"LOG","message":"About to start server..."}
{"timestamp":"2026-07-29T09:46:18.842Z","level":"LOG","message":"✅ Server running on port 5000"}
{"timestamp":"2026-07-29T09:46:18.855Z","level":"LOG","message":"POST /api/products/add-product"}
{"timestamp":"2026-07-29T09:46:18.909Z","level":"LOG","message":"[DEBUG] Request body: {\"name\":\"28mm / 500ml Glass Cleaner\",\"sku\":\"\",\"category\":\"Bottles\",\"productType\":\"\",\"color\":\"[\\\"Clear\\\"]\",\"moqPackaging\":\"{\\\"Clear\\\":\\\"1080\\\"}\",\"capType\":\"\",\"usage\":\"\",\"keySpecs\":\"\",\"marketSegments\":\"[\\\"Home Care\\\",\\\"Industrial\\\"]\",\"volume\":\"500ml\",\"neckSize\":\"28mm\",\"weight\":\"32gm, 36gm, 40gm, 44gm\",\"neckProfile\":\"[\\\"PCO\\\"]\",\"ofc\":\"570ml\",\"height\":\"229mm\",\"diameter\":\"90mm X 51mm\",\"pilfer\":\"\",\"length\":\"\"}"}
{"timestamp":"2026-07-29T09:46:18.909Z","level":"LOG","message":"[DEBUG] Request files: [{\"fieldname\":\"image-Clear\",\"originalname\":\"28mm - 500ml Glass Cleaner Clear.jpg\",\"encoding\":\"7bit\",\"mimetype\":\"image/jpeg\",\"destination\":\"/home/u610568114/domains/deeppink-dove-588039.hostingersite.com/nodejs/uploads/\",\"filename\":\"1785318378861-28mm - 500ml Glass Cleaner Clear.jpg\",\"path\":\"/home/u610568114/domains/deeppink-dove-588039.hostingersite.com/nodejs/uploads/1785318378861-28mm - 500ml Glass Cleaner Clear.jpg\",\"size\":3814579}]"}
{"timestamp":"2026-07-29T09:46:18.909Z","level":"LOG","message":"[DEBUG] parsedNeckProfile: [\"PCO\"]"}
{"timestamp":"2026-07-29T09:46:19.031Z","level":"LOG","message":"✅ MongoDB Connected"}
{"timestamp":"2026-07-29T09:46:19.031Z","level":"LOG","message":"Database Name: test"}
{"timestamp":"2026-07-29T09:46:19.166Z","level":"LOG","message":"✅ Admin already exists, skipping creation"}
{"timestamp":"2026-07-29T09:46:19.168Z","level":"LOG","message":"[DEBUG] Creating product with data: {\"name\":\"28mm / 500ml Glass Cleaner\",\"category\":\"Bottles\",\"productType\":\"\",\"color\":[\"Clear\"],\"moqPackaging\":{\"Clear\":\"1080\"},\"capType\":\"\",\"usage\":\"\",\"keySpecs\":\"\",\"images\":{\"Clear\":\"1785318378861-28mm - 500ml Glass Cleaner Clear.jpg\"},\"showInPopup\":false,\"marketSegments\":[\"Home Care\",\"Industrial\"],\"volume\":\"500ml\",\"neckSize\":\"28mm\",\"weight\":\"32gm, 36gm, 40gm, 44gm\",\"neckProfile\":[\"PCO\"],\"ofc\":\"570ml\",\"height\":\"229mm\",\"diameter\":\"90mm X 51mm\",\"pilfer\":\"\",\"length\":\"\",\"sku\":\"SKU-0014\"}"}
{"timestamp":"2026-07-29T09:46:19.210Z","level":"LOG","message":"GET /api/products"}
{"timestamp":"2026-07-29T09:46:19.220Z","level":"LOG","message":"- 28mm / 500ml Glass Cleaner: marketSegments = Home Care,Industrial"}
{"timestamp":"2026-07-29T09:46:19.220Z","level":"LOG","message":"- 28mm / 450ml Pharma: marketSegments = Pharmaceutical,Personal Care,Industrial"}
{"timestamp":"2026-07-29T09:46:19.220Z","level":"LOG","message":"- 28mm / 200ml MW: marketSegments = Food & Beverages"}
{"timestamp":"2026-07-29T09:46:19.220Z","level":"LOG","message":"- 73mm / 500ml Matka: marketSegments = Personal Care,Food & Beverages,Home Care"}
{"timestamp":"2026-07-29T09:46:19.220Z","level":"LOG","message":"- 25mm / 200ml Brute: marketSegments = Pharmaceutical,Home Care,Industrial"}
{"timestamp":"2026-07-29T09:46:19.220Z","level":"LOG","message":"- 19mm / 100ml Square: marketSegments = Personal Care,Food & Beverages,Home Care"}
{"timestamp":"2026-07-29T09:46:19.220Z","level":"LOG","message":"- 19mm / 50ml Round: marketSegments = Pharmaceutical,Home Care,Personal Care,Food & Beverages"}
{"timestamp":"2026-07-29T09:46:20.311Z","level":"LOG","message":"✅ SMTP Server is ready to send emails!"}
{"timestamp":"2026-07-29T09:49:09.136Z","level":"LOG","message":"POST /api/products/add-product"}
{"timestamp":"2026-07-29T09:49:09.808Z","level":"LOG","message":"[DEBUG] Request body: {\"name\":\"28mm / 500ml Noni Green\",\"sku\":\"\",\"category\":\"Bottles\",\"productType\":\"\",\"color\":\"[\\\"Noni Green\\\"]\",\"moqPackaging\":\"{\\\"Noni Green\\\":\\\"1980\\\"}\",\"capType\":\"\",\"usage\":\"\",\"keySpecs\":\"\",\"marketSegments\":\"[\\\"Food & Beverages\\\",\\\"Home Care\\\"]\",\"volume\":\"500ml\",\"neckSize\":\"28mm\",\"weight\":\"32gm\",\"neckProfile\":\"[\\\"PCO\\\"]\",\"ofc\":\"520ml\",\"height\":\"250mm\",\"diameter\":\"64mm\",\"pilfer\":\"\",\"length\":\"\"}"}
{"timestamp":"2026-07-29T09:49:09.808Z","level":"LOG","message":"[DEBUG] Request files: [{\"fieldname\":\"image-Noni Green\",\"originalname\":\"28mm - 500ml Noni Green.jpg\",\"encoding\":\"7bit\",\"mimetype\":\"image/jpeg\",\"destination\":\"/home/u610568114/domains/deeppink-dove-588039.hostingersite.com/nodejs/uploads/\",\"filename\":\"1785318549138-28mm - 500ml Noni Green.jpg\",\"path\":\"/home/u610568114/domains/deeppink-dove-588039.hostingersite.com/nodejs/uploads/1785318549138-28mm - 500ml Noni Green.jpg\",\"size\":4694002}]"}
{"timestamp":"2026-07-29T09:49:09.808Z","level":"LOG","message":"[DEBUG] parsedNeckProfile: [\"PCO\"]"}
{"timestamp":"2026-07-29T09:49:09.830Z","level":"LOG","message":"[DEBUG] Creating product with data: {\"name\":\"28mm / 500ml Noni Green\",\"category\":\"Bottles\",\"productType\":\"\",\"color\":[\"Noni Green\"],\"moqPackaging\":{\"Noni Green\":\"1980\"},\"capType\":\"\",\"usage\":\"\",\"keySpecs\":\"\",\"images\":{\"Noni Green\":\"1785318549138-28mm - 500ml Noni Green.jpg\"},\"showInPopup\":false,\"marketSegments\":[\"Food & Beverages\",\"Home Care\"],\"volume\":\"500ml\",\"neckSize\":\"28mm\",\"weight\":\"32gm\",\"neckProfile\":[\"PCO\"],\"ofc\":\"520ml\",\"height\":\"250mm\",\"diameter\":\"64mm\",\"pilfer\":\"\",\"length\":\"\",\"sku\":\"SKU-0015\"}"}
{"timestamp":"2026-07-29T09:49:09.893Z","level":"LOG","message":"GET /api/products"}
{"timestamp":"2026-07-29T09:49:09.909Z","level":"LOG","message":"- 28mm / 500ml Noni Green: marketSegments = Food & Beverages,Home Care"}
{"timestamp":"2026-07-29T09:49:09.909Z","level":"LOG","message":"- 28mm / 500ml Glass Cleaner: marketSegments = Home Care,Industrial"}
{"timestamp":"2026-07-29T09:49:09.909Z","level":"LOG","message":"- 28mm / 450ml Pharma: marketSegments = Pharmaceutical,Personal Care,Industrial"}
{"timestamp":"2026-07-29T09:49:09.909Z","level":"LOG","message":"- 28mm / 200ml MW: marketSegments = Food & Beverages"}
{"timestamp":"2026-07-29T09:49:09.909Z","level":"LOG","message":"- 73mm / 500ml Matka: marketSegments = Personal Care,Food & Beverages,Home Care"}
{"timestamp":"2026-07-29T09:49:09.909Z","level":"LOG","message":"- 25mm / 200ml Brute: marketSegments = Pharmaceutical,Home Care,Industrial"}
{"timestamp":"2026-07-29T09:49:09.909Z","level":"LOG","message":"- 19mm / 100ml Square: marketSegments = Personal Care,Food & Beverages,Home Care"}
{"timestamp":"2026-07-29T09:49:09.909Z","level":"LOG","message":"- 19mm / 50ml Round: marketSegments = Pharmaceutical,Home Care,Personal Care,Food & Beverages"}
{"timestamp":"2026-07-29T10:18:19.152Z","level":"LOG","message":"POST /api/products/add-product"}
{"timestamp":"2026-07-29T10:18:19.163Z","level":"LOG","message":"[DEBUG] Request body: {\"name\":\"28mm / 1000ml Square New\",\"sku\":\"\",\"category\":\"Bottles\",\"productType\":\"\",\"color\":\"[\\\"Opaque White\\\"]\",\"moqPackaging\":\"{\\\"Opaque White\\\":\\\"2700\\\"}\",\"capType\":\"\",\"usage\":\"\",\"keySpecs\":\"\",\"marketSegments\":\"[\\\"Pharmaceutical\\\",\\\"Food & Beverages\\\",\\\"Home Care\\\",\\\"Industrial\\\"]\",\"volume\":\"1000ml\",\"neckSize\":\"28mm\",\"weight\":\"48gm\",\"neckProfile\":\"[\\\"PCO\\\"]\",\"ofc\":\"1035ml\",\"height\":\"255mm\",\"diameter\":\"71.4mm X 71.4mm\",\"pilfer\":\"\",\"length\":\"\"}"}
{"timestamp":"2026-07-29T10:18:19.163Z","level":"LOG","message":"[DEBUG] Request files: [{\"fieldname\":\"image-Opaque White\",\"originalname\":\"28mm - 1000ml Square New Op White.jpg\",\"encoding\":\"7bit\",\"mimetype\":\"image/jpeg\",\"destination\":\"/home/u610568114/domains/deeppink-dove-588039.hostingersite.com/nodejs/uploads/\",\"filename\":\"1785320299153-28mm - 1000ml Square New Op White.jpg\",\"path\":\"/home/u610568114/domains/deeppink-dove-588039.hostingersite.com/nodejs/uploads/1785320299153-28mm - 1000ml Square New Op White.jpg\",\"size\":4563603}]"}
{"timestamp":"2026-07-29T10:18:19.163Z","level":"LOG","message":"[DEBUG] parsedNeckProfile: [\"PCO\"]"}
{"timestamp":"2026-07-29T10:18:19.186Z","level":"LOG","message":"[DEBUG] Creating product with data: {\"name\":\"28mm / 1000ml Square New\",\"category\":\"Bottles\",\"productType\":\"\",\"color\":[\"Opaque White\"],\"moqPackaging\":{\"Opaque White\":\"2700\"},\"capType\":\"\",\"usage\":\"\",\"keySpecs\":\"\",\"images\":{\"Opaque White\":\"1785320299153-28mm - 1000ml Square New Op White.jpg\"},\"showInPopup\":false,\"marketSegments\":[\"Pharmaceutical\",\"Food & Beverages\",\"Home Care\",\"Industrial\"],\"volume\":\"1000ml\",\"neckSize\":\"28mm\",\"weight\":\"48gm\",\"neckProfile\":[\"PCO\"],\"ofc\":\"1035ml\",\"height\":\"255mm\",\"diameter\":\"71.4mm X 71.4mm\",\"pilfer\":\"\",\"length\":\"\",\"sku\":\"SKU-0016\"}"}
{"timestamp":"2026-07-29T10:18:19.217Z","level":"LOG","message":"GET /api/products"}
{"timestamp":"2026-07-29T10:18:19.224Z","level":"LOG","message":"- 28mm / 1000ml Square New: marketSegments = Pharmaceutical,Food & Beverages,Home Care,Industrial"}
{"timestamp":"2026-07-29T10:18:19.224Z","level":"LOG","message":"- 28mm / 500ml Noni Green: marketSegments = Food & Beverages,Home Care"}
{"timestamp":"2026-07-29T10:18:19.224Z","level":"LOG","message":"- 28mm / 500ml Glass Cleaner: marketSegments = Home Care,Industrial"}
{"timestamp":"2026-07-29T10:18:19.224Z","level":"LOG","message":"- 28mm / 450ml Pharma: marketSegments = Pharmaceutical,Personal Care,Industrial"}
{"timestamp":"2026-07-29T10:18:19.224Z","level":"LOG","message":"- 28mm / 200ml MW: marketSegments = Food & Beverages"}
{"timestamp":"2026-07-29T10:18:19.224Z","level":"LOG","message":"- 73mm / 500ml Matka: marketSegments = Personal Care,Food & Beverages,Home Care"}
{"timestamp":"2026-07-29T10:18:19.224Z","level":"LOG","message":"- 25mm / 200ml Brute: marketSegments = Pharmaceutical,Home Care,Industrial"}
{"timestamp":"2026-07-29T10:18:19.224Z","level":"LOG","message":"- 19mm / 100ml Square: marketSegments = Personal Care,Food & Beverages,Home Care"}
{"timestamp":"2026-07-29T10:18:19.224Z","level":"LOG","message":"- 19mm / 50ml Round: marketSegments = Pharmaceutical,Home Care,Personal Care,Food & Beverages"}
{"timestamp":"2026-07-29T10:18:24.822Z","level":"LOG","message":"GET /"}
{"timestamp":"2026-07-29T10:18:25.136Z","level":"LOG","message":"GET /assets/index-BMf4nrPI.css"}
{"timestamp":"2026-07-29T10:18:25.138Z","level":"LOG","message":"GET /assets/index-DbhVSrIG.js"}
{"timestamp":"2026-07-29T10:18:25.361Z","level":"LOG","message":"GET /assets/radhe-logo-B_jxZqGy.png"}
{"timestamp":"2026-07-29T10:18:25.362Z","level":"LOG","message":"GET /assets/Pharna-DZBjz9Bb.png"}
{"timestamp":"2026-07-29T10:18:25.363Z","level":"LOG","message":"GET /assets/Map-__M_oImN.jpeg"}
{"timestamp":"2026-07-29T10:18:25.367Z","level":"LOG","message":"GET /assets/Personal%20Care-W2Lqo-5I.png"}
{"timestamp":"2026-07-29T10:18:25.371Z","level":"LOG","message":"GET /assets/Industrial-BGdZrctT.png"}
{"timestamp":"2026-07-29T10:18:25.372Z","level":"LOG","message":"GET /assets/Food%20_%20Beverages-5CdNv3ri.png"}
{"timestamp":"2026-07-29T10:18:25.377Z","level":"LOG","message":"GET /assets/CAP-YPir5_aW.png"}
{"timestamp":"2026-07-29T10:18:25.379Z","level":"LOG","message":"GET /assets/BOTTLE-CeeQORqf.png"}
{"timestamp":"2026-07-29T10:18:25.379Z","level":"LOG","message":"GET /assets/Home%20care-D5D2SBJK.png"}
{"timestamp":"2026-07-29T10:18:25.381Z","level":"LOG","message":"GET /assets/PREFORMS-sWuwmMUw.png"}
{"timestamp":"2026-07-29T10:18:25.382Z","level":"LOG","message":"GET /assets/DR%20RASHEL%20BEAUTY-BEYd_P_-.png"}
{"timestamp":"2026-07-29T10:18:25.383Z","level":"LOG","message":"GET /assets/ASHWIN%20HEALTHCARE-DkmTNXEZ.png"}
{"timestamp":"2026-07-29T10:18:25.383Z","level":"LOG","message":"GET /assets/JAR-D9NsdZGp.png"}
{"timestamp":"2026-07-29T10:18:25.385Z","level":"LOG","message":"GET /assets/HERBALHILLS-Bj5a8WLk.png"}
{"timestamp":"2026-07-29T10:18:25.386Z","level":"LOG","message":"GET /assets/ACPL%20LOGO-BjLoRMu6.png"}
{"timestamp":"2026-07-29T10:18:25.387Z","level":"LOG","message":"GET /assets/HI%20FI%20INDIA-Baz4HqdH.png"}
{"timestamp":"2026-07-29T10:18:25.388Z","level":"LOG","message":"GET /assets/MAHIDA%20_%20SONS-v_BYHAyC.png"}
{"timestamp":"2026-07-29T10:18:25.390Z","level":"LOG","message":"GET /assets/SIMANDHAR-4GAyAvK2.png"}
{"timestamp":"2026-07-29T10:18:25.392Z","level":"LOG","message":"GET /assets/FLOWER%20BRAND-CdYGOHU3.png"}
{"timestamp":"2026-07-29T10:18:25.395Z","level":"LOG","message":"GET /assets/ABHAY-wui2kW0U.png"}
{"timestamp":"2026-07-29T10:18:25.396Z","level":"LOG","message":"GET /assets/SOULFLOWER-_m6N4oRi.png"}
{"timestamp":"2026-07-29T10:18:25.397Z","level":"LOG","message":"GET /assets/Optisol%20Lenscare-BCi_yuAG.png"}
{"timestamp":"2026-07-29T10:18:25.399Z","level":"LOG","message":"GET /assets/KALVERTS-B9GIIP_1.png"}
{"timestamp":"2026-07-29T10:18:25.401Z","level":"LOG","message":"GET /assets/TIGER-DfBV1Yy-.png"}
{"timestamp":"2026-07-29T10:18:25.699Z","level":"LOG","message":"GET /api/products/categories"}
{"timestamp":"2026-07-29T10:18:25.701Z","level":"LOG","message":"GET /api/products"}
{"timestamp":"2026-07-29T10:18:25.710Z","level":"LOG","message":"- 28mm / 1000ml Square New: marketSegments = Pharmaceutical,Food & Beverages,Home Care,Industrial"}
{"timestamp":"2026-07-29T10:18:25.710Z","level":"LOG","message":"- 28mm / 500ml Noni Green: marketSegments = Food & Beverages,Home Care"}
{"timestamp":"2026-07-29T10:18:25.710Z","level":"LOG","message":"- 28mm / 500ml Glass Cleaner: marketSegments = Home Care,Industrial"}
{"timestamp":"2026-07-29T10:18:25.710Z","level":"LOG","message":"- 28mm / 450ml Pharma: marketSegments = Pharmaceutical,Personal Care,Industrial"}
{"timestamp":"2026-07-29T10:18:25.710Z","level":"LOG","message":"- 28mm / 200ml MW: marketSegments = Food & Beverages"}
{"timestamp":"2026-07-29T10:18:25.710Z","level":"LOG","message":"- 73mm / 500ml Matka: marketSegments = Personal Care,Food & Beverages,Home Care"}
{"timestamp":"2026-07-29T10:18:25.710Z","level":"LOG","message":"- 25mm / 200ml Brute: marketSegments = Pharmaceutical,Home Care,Industrial"}
{"timestamp":"2026-07-29T10:18:25.710Z","level":"LOG","message":"- 19mm / 100ml Square: marketSegments = Personal Care,Food & Beverages,Home Care"}
{"timestamp":"2026-07-29T10:18:25.710Z","level":"LOG","message":"- 19mm / 50ml Round: marketSegments = Pharmaceutical,Home Care,Personal Care,Food & Beverages"}
{"timestamp":"2026-07-29T10:18:25.724Z","level":"LOG","message":"GET /api/products"}
{"timestamp":"2026-07-29T10:18:25.726Z","level":"LOG","message":"GET /api/products/categories"}
{"timestamp":"2026-07-29T10:18:25.732Z","level":"LOG","message":"- 28mm / 1000ml Square New: marketSegments = Pharmaceutical,Food & Beverages,Home Care,Industrial"}
{"timestamp":"2026-07-29T10:18:25.732Z","level":"LOG","message":"- 28mm / 500ml Noni Green: marketSegments = Food & Beverages,Home Care"}
{"timestamp":"2026-07-29T10:18:25.732Z","level":"LOG","message":"- 28mm / 500ml Glass Cleaner: marketSegments = Home Care,Industrial"}
{"timestamp":"2026-07-29T10:18:25.732Z","level":"LOG","message":"- 28mm / 450ml Pharma: marketSegments = Pharmaceutical,Personal Care,Industrial"}
{"timestamp":"2026-07-29T10:18:25.732Z","level":"LOG","message":"- 28mm / 200ml MW: marketSegments = Food & Beverages"}
{"timestamp":"2026-07-29T10:18:25.732Z","level":"LOG","message":"- 73mm / 500ml Matka: marketSegments = Personal Care,Food & Beverages,Home Care"}
{"timestamp":"2026-07-29T10:18:25.732Z","level":"LOG","message":"- 25mm / 200ml Brute: marketSegments = Pharmaceutical,Home Care,Industrial"}
{"timestamp":"2026-07-29T10:18:25.732Z","level":"LOG","message":"- 19mm / 100ml Square: marketSegments = Personal Care,Food & Beverages,Home Care"}
{"timestamp":"2026-07-29T10:18:25.732Z","level":"LOG","message":"- 19mm / 50ml Round: marketSegments = Pharmaceutical,Home Care,Personal Care,Food & Beverages"}
{"timestamp":"2026-07-29T10:18:25.751Z","level":"LOG","message":"GET /api/products/categories"}
{"timestamp":"2026-07-29T10:18:26.542Z","level":"LOG","message":"GET /favicon.svg"}
{"timestamp":"2026-07-29T10:18:28.269Z","level":"LOG","message":"GET /favicon.svg"}
{"timestamp":"2026-07-29T10:18:28.332Z","level":"LOG","message":"GET /api/products/categories"}
{"timestamp":"2026-07-29T10:18:28.334Z","level":"LOG","message":"GET /api/products"}
{"timestamp":"2026-07-29T10:18:28.335Z","level":"LOG","message":"GET /api/products/neck-sizes"}
{"timestamp":"2026-07-29T10:18:28.340Z","level":"LOG","message":"- 28mm / 1000ml Square New: marketSegments = Pharmaceutical,Food & Beverages,Home Care,Industrial"}
{"timestamp":"2026-07-29T10:18:28.340Z","level":"LOG","message":"- 28mm / 500ml Noni Green: marketSegments = Food & Beverages,Home Care"}
{"timestamp":"2026-07-29T10:18:28.340Z","level":"LOG","message":"- 28mm / 500ml Glass Cleaner: marketSegments = Home Care,Industrial"}
{"timestamp":"2026-07-29T10:18:28.340Z","level":"LOG","message":"- 28mm / 450ml Pharma: marketSegments = Pharmaceutical,Personal Care,Industrial"}
{"timestamp":"2026-07-29T10:18:28.340Z","level":"LOG","message":"- 28mm / 200ml MW: marketSegments = Food & Beverages"}
{"timestamp":"2026-07-29T10:18:28.340Z","level":"LOG","message":"- 73mm / 500ml Matka: marketSegments = Personal Care,Food & Beverages,Home Care"}
{"timestamp":"2026-07-29T10:18:28.340Z","level":"LOG","message":"- 25mm / 200ml Brute: marketSegments = Pharmaceutical,Home Care,Industrial"}
{"timestamp":"2026-07-29T10:18:28.340Z","level":"LOG","message":"- 19mm / 100ml Square: marketSegments = Personal Care,Food & Beverages,Home Care"}
{"timestamp":"2026-07-29T10:18:28.340Z","level":"LOG","message":"- 19mm / 50ml Round: marketSegments = Pharmaceutical,Home Care,Personal Care,Food & Beverages"}
{"timestamp":"2026-07-29T10:18:28.353Z","level":"LOG","message":"GET /api/products/categories"}
{"timestamp":"2026-07-29T10:18:28.408Z","level":"LOG","message":"GET /uploads/1785320299153-28mm%20-%201000ml%20Square%20New%20Op%20White.jpg"}
{"timestamp":"2026-07-29T10:18:28.410Z","level":"LOG","message":"GET /uploads/1785318378861-28mm%20-%20500ml%20Glass%20Cleaner%20Clear.jpg"}
{"timestamp":"2026-07-29T10:18:28.410Z","level":"LOG","message":"GET /uploads/1785318549138-28mm%20-%20500ml%20Noni%20Green.jpg"}
{"timestamp":"2026-07-29T10:18:28.411Z","level":"LOG","message":"GET /uploads/1785315592982-28mm%20-%20450ml%20Pharma%20Amber.jpg"}
{"timestamp":"2026-07-29T10:18:28.411Z","level":"LOG","message":"GET /uploads/1785211587586-73mm%20-%20500ml%20Matka%20Clear.jpg"}
{"timestamp":"2026-07-29T10:18:28.413Z","level":"LOG","message":"GET /uploads/1785211170990-19mm%20-%20100ml%20Square%20Clear.jpg"}
{"timestamp":"2026-07-29T10:18:28.413Z","level":"LOG","message":"GET /uploads/1785211386441-25mm%20-%20200ml%20Brute%20Clear.jpg"}
{"timestamp":"2026-07-29T10:18:28.415Z","level":"LOG","message":"GET /uploads/1785315265266-28mm%20-%20200ml%20MW%20Clear.jpg"}
{"timestamp":"2026-07-29T10:18:28.419Z","level":"LOG","message":"GET /uploads/1785210975309-19mm%20-%2050ml%20Round%20Clear.jpg"}
{"timestamp":"2026-07-29T10:32:32.119Z","level":"LOG","message":"GET /favicon.svg"}
{"timestamp":"2026-07-29T10:32:32.131Z","level":"LOG","message":"GET /api/products"}
{"timestamp":"2026-07-29T10:32:32.143Z","level":"LOG","message":"- 28mm / 1000ml Square New: marketSegments = Pharmaceutical,Food & Beverages,Home Care,Industrial"}
{"timestamp":"2026-07-29T10:32:32.143Z","level":"LOG","message":"- 28mm / 500ml Noni Green: marketSegments = Food & Beverages,Home Care"}
{"timestamp":"2026-07-29T10:32:32.143Z","level":"LOG","message":"- 28mm / 500ml Glass Cleaner: marketSegments = Home Care,Industrial"}
{"timestamp":"2026-07-29T10:32:32.143Z","level":"LOG","message":"- 28mm / 450ml Pharma: marketSegments = Pharmaceutical,Personal Care,Industrial"}
{"timestamp":"2026-07-29T10:32:32.143Z","level":"LOG","message":"- 28mm / 200ml MW: marketSegments = Food & Beverages"}
{"timestamp":"2026-07-29T10:32:32.143Z","level":"LOG","message":"- 73mm / 500ml Matka: marketSegments = Personal Care,Food & Beverages,Home Care"}
{"timestamp":"2026-07-29T10:32:32.143Z","level":"LOG","message":"- 25mm / 200ml Brute: marketSegments = Pharmaceutical,Home Care,Industrial"}
{"timestamp":"2026-07-29T10:32:32.143Z","level":"LOG","message":"- 19mm / 100ml Square: marketSegments = Personal Care,Food & Beverages,Home Care"}
{"timestamp":"2026-07-29T10:32:32.143Z","level":"LOG","message":"- 19mm / 50ml Round: marketSegments = Pharmaceutical,Home Care,Personal Care,Food & Beverages"}
{"timestamp":"2026-07-29T10:32:32.229Z","level":"LOG","message":"GET /uploads/1785211170990-19mm%20-%20100ml%20Square%20Clear.jpg"}
{"timestamp":"2026-07-29T10:32:42.300Z","level":"LOG","message":"GET /api/products/categories"}
{"timestamp":"2026-07-29T10:32:42.302Z","level":"LOG","message":"GET /api/products"}
{"timestamp":"2026-07-29T10:32:42.303Z","level":"LOG","message":"GET /api/products/neck-sizes"}
{"timestamp":"2026-07-29T10:32:42.304Z","level":"LOG","message":"GET /favicon.svg"}
{"timestamp":"2026-07-29T10:32:42.304Z","level":"LOG","message":"GET /assets/radhe-logo-B_jxZqGy.png"}
{"timestamp":"2026-07-29T10:32:42.312Z","level":"LOG","message":"- 28mm / 1000ml Square New: marketSegments = Pharmaceutical,Food & Beverages,Home Care,Industrial"}
{"timestamp":"2026-07-29T10:32:42.312Z","level":"LOG","message":"- 28mm / 500ml Noni Green: marketSegments = Food & Beverages,Home Care"}
{"timestamp":"2026-07-29T10:32:42.312Z","level":"LOG","message":"- 28mm / 500ml Glass Cleaner: marketSegments = Home Care,Industrial"}
{"timestamp":"2026-07-29T10:32:42.312Z","level":"LOG","message":"- 28mm / 450ml Pharma: marketSegments = Pharmaceutical,Personal Care,Industrial"}
{"timestamp":"2026-07-29T10:32:42.312Z","level":"LOG","message":"- 28mm / 200ml MW: marketSegments = Food & Beverages"}
{"timestamp":"2026-07-29T10:32:42.312Z","level":"LOG","message":"- 73mm / 500ml Matka: marketSegments = Personal Care,Food & Beverages,Home Care"}
{"timestamp":"2026-07-29T10:32:42.312Z","level":"LOG","message":"- 25mm / 200ml Brute: marketSegments = Pharmaceutical,Home Care,Industrial"}
{"timestamp":"2026-07-29T10:32:42.312Z","level":"LOG","message":"- 19mm / 100ml Square: marketSegments = Personal Care,Food & Beverages,Home Care"}
{"timestamp":"2026-07-29T10:32:42.312Z","level":"LOG","message":"- 19mm / 50ml Round: marketSegments = Pharmaceutical,Home Care,Personal Care,Food & Beverages"}
{"timestamp":"2026-07-29T10:32:42.326Z","level":"LOG","message":"GET /api/products/categories"}
{"timestamp":"2026-07-29T10:32:42.388Z","level":"LOG","message":"GET /uploads/1785211587586-73mm%20-%20500ml%20Matka%20Clear.jpg"}
{"timestamp":"2026-07-29T10:32:42.389Z","level":"LOG","message":"GET /uploads/1785318378861-28mm%20-%20500ml%20Glass%20Cleaner%20Clear.jpg"}
{"timestamp":"2026-07-29T10:32:42.389Z","level":"LOG","message":"GET /uploads/1785320299153-28mm%20-%201000ml%20Square%20New%20Op%20White.jpg"}
{"timestamp":"2026-07-29T10:32:42.391Z","level":"LOG","message":"GET /uploads/1785315592982-28mm%20-%20450ml%20Pharma%20Amber.jpg"}
{"timestamp":"2026-07-29T10:32:42.392Z","level":"LOG","message":"GET /uploads/1785318549138-28mm%20-%20500ml%20Noni%20Green.jpg"}
{"timestamp":"2026-07-29T10:32:42.394Z","level":"LOG","message":"GET /uploads/1785210975309-19mm%20-%2050ml%20Round%20Clear.jpg"}
{"timestamp":"2026-07-29T10:32:42.395Z","level":"LOG","message":"GET /uploads/1785315265266-28mm%20-%20200ml%20MW%20Clear.jpg"}
{"timestamp":"2026-07-29T10:32:42.396Z","level":"LOG","message":"GET /uploads/1785211386441-25mm%20-%20200ml%20Brute%20Clear.jpg"}
{"timestamp":"2026-07-29T10:32:50.070Z","level":"LOG","message":"GET /api/products?category=Bottles"}
{"timestamp":"2026-07-29T10:32:50.079Z","level":"LOG","message":"- 28mm / 1000ml Square New: marketSegments = Pharmaceutical,Food & Beverages,Home Care,Industrial"}
{"timestamp":"2026-07-29T10:32:50.079Z","level":"LOG","message":"- 28mm / 500ml Noni Green: marketSegments = Food & Beverages,Home Care"}
{"timestamp":"2026-07-29T10:32:50.079Z","level":"LOG","message":"- 28mm / 500ml Glass Cleaner: marketSegments = Home Care,Industrial"}
{"timestamp":"2026-07-29T10:32:50.079Z","level":"LOG","message":"- 28mm / 450ml Pharma: marketSegments = Pharmaceutical,Personal Care,Industrial"}
{"timestamp":"2026-07-29T10:32:50.079Z","level":"LOG","message":"- 28mm / 200ml MW: marketSegments = Food & Beverages"}
{"timestamp":"2026-07-29T10:32:50.079Z","level":"LOG","message":"- 25mm / 200ml Brute: marketSegments = Pharmaceutical,Home Care,Industrial"}
{"timestamp":"2026-07-29T10:32:50.079Z","level":"LOG","message":"- 19mm / 100ml Square: marketSegments = Personal Care,Food & Beverages,Home Care"}
{"timestamp":"2026-07-29T10:32:50.079Z","level":"LOG","message":"- 19mm / 50ml Round: marketSegments = Pharmaceutical,Home Care,Personal Care,Food & Beverages"}
{"timestamp":"2026-07-29T10:32:52.458Z","level":"LOG","message":"GET /api/products"}
{"timestamp":"2026-07-29T10:32:52.466Z","level":"LOG","message":"- 28mm / 1000ml Square New: marketSegments = Pharmaceutical,Food & Beverages,Home Care,Industrial"}
{"timestamp":"2026-07-29T10:32:52.466Z","level":"LOG","message":"- 28mm / 500ml Noni Green: marketSegments = Food & Beverages,Home Care"}
{"timestamp":"2026-07-29T10:32:52.466Z","level":"LOG","message":"- 28mm / 500ml Glass Cleaner: marketSegments = Home Care,Industrial"}
{"timestamp":"2026-07-29T10:32:52.466Z","level":"LOG","message":"- 28mm / 450ml Pharma: marketSegments = Pharmaceutical,Personal Care,Industrial"}
{"timestamp":"2026-07-29T10:32:52.466Z","level":"LOG","message":"- 28mm / 200ml MW: marketSegments = Food & Beverages"}
{"timestamp":"2026-07-29T10:32:52.466Z","level":"LOG","message":"- 73mm / 500ml Matka: marketSegments = Personal Care,Food & Beverages,Home Care"}
{"timestamp":"2026-07-29T10:32:52.466Z","level":"LOG","message":"- 25mm / 200ml Brute: marketSegments = Pharmaceutical,Home Care,Industrial"}
{"timestamp":"2026-07-29T10:32:52.466Z","level":"LOG","message":"- 19mm / 100ml Square: marketSegments = Personal Care,Food & Beverages,Home Care"}
{"timestamp":"2026-07-29T10:32:52.466Z","level":"LOG","message":"- 19mm / 50ml Round: marketSegments = Pharmaceutical,Home Care,Personal Care,Food & Beverages"}
{"timestamp":"2026-07-29T10:32:53.167Z","level":"LOG","message":"GET /api/products?category=Bottles"}
{"timestamp":"2026-07-29T10:32:53.174Z","level":"LOG","message":"- 28mm / 1000ml Square New: marketSegments = Pharmaceutical,Food & Beverages,Home Care,Industrial"}
{"timestamp":"2026-07-29T10:32:53.174Z","level":"LOG","message":"- 28mm / 500ml Noni Green: marketSegments = Food & Beverages,Home Care"}
{"timestamp":"2026-07-29T10:32:53.174Z","level":"LOG","message":"- 28mm / 500ml Glass Cleaner: marketSegments = Home Care,Industrial"}
{"timestamp":"2026-07-29T10:32:53.174Z","level":"LOG","message":"- 28mm / 450ml Pharma: marketSegments = Pharmaceutical,Personal Care,Industrial"}
{"timestamp":"2026-07-29T10:32:53.174Z","level":"LOG","message":"- 28mm / 200ml MW: marketSegments = Food & Beverages"}
{"timestamp":"2026-07-29T10:32:53.174Z","level":"LOG","message":"- 25mm / 200ml Brute: marketSegments = Pharmaceutical,Home Care,Industrial"}
{"timestamp":"2026-07-29T10:32:53.174Z","level":"LOG","message":"- 19mm / 100ml Square: marketSegments = Personal Care,Food & Beverages,Home Care"}
{"timestamp":"2026-07-29T10:32:53.174Z","level":"LOG","message":"- 19mm / 50ml Round: marketSegments = Pharmaceutical,Home Care,Personal Care,Food & Beverages"}
{"timestamp":"2026-07-29T10:32:54.335Z","level":"LOG","message":"GET /api/products?category=Caps"}
{"timestamp":"2026-07-29T10:32:54.985Z","level":"LOG","message":"GET /api/products?category=Jars"}
{"timestamp":"2026-07-29T10:32:54.992Z","level":"LOG","message":"- 73mm / 500ml Matka: marketSegments = Personal Care,Food & Beverages,Home Care"}
{"timestamp":"2026-07-29T10:32:55.772Z","level":"LOG","message":"GET /api/products?category=Preforms"}
{"timestamp":"2026-07-29T10:32:56.494Z","level":"LOG","message":"GET /api/products"}
{"timestamp":"2026-07-29T10:32:56.502Z","level":"LOG","message":"- 28mm / 1000ml Square New: marketSegments = Pharmaceutical,Food & Beverages,Home Care,Industrial"}
{"timestamp":"2026-07-29T10:32:56.502Z","level":"LOG","message":"- 28mm / 500ml Noni Green: marketSegments = Food & Beverages,Home Care"}
{"timestamp":"2026-07-29T10:32:56.502Z","level":"LOG","message":"- 28mm / 500ml Glass Cleaner: marketSegments = Home Care,Industrial"}
{"timestamp":"2026-07-29T10:32:56.502Z","level":"LOG","message":"- 28mm / 450ml Pharma: marketSegments = Pharmaceutical,Personal Care,Industrial"}
{"timestamp":"2026-07-29T10:32:56.502Z","level":"LOG","message":"- 28mm / 200ml MW: marketSegments = Food & Beverages"}
{"timestamp":"2026-07-29T10:32:56.502Z","level":"LOG","message":"- 73mm / 500ml Matka: marketSegments = Personal Care,Food & Beverages,Home Care"}
{"timestamp":"2026-07-29T10:32:56.502Z","level":"LOG","message":"- 25mm / 200ml Brute: marketSegments = Pharmaceutical,Home Care,Industrial"}
{"timestamp":"2026-07-29T10:32:56.502Z","level":"LOG","message":"- 19mm / 100ml Square: marketSegments = Personal Care,Food & Beverages,Home Care"}
{"timestamp":"2026-07-29T10:32:56.502Z","level":"LOG","message":"- 19mm / 50ml Round: marketSegments = Pharmaceutical,Home Care,Personal Care,Food & Beverages"}
{"timestamp":"2026-07-29T10:32:56.549Z","level":"LOG","message":"GET /uploads/1785315265266-28mm%20-%20200ml%20MW%20Clear.jpg"}
{"timestamp":"2026-07-29T10:32:56.550Z","level":"LOG","message":"GET /uploads/1785318549138-28mm%20-%20500ml%20Noni%20Green.jpg"}
{"timestamp":"2026-07-29T10:32:56.552Z","level":"LOG","message":"GET /uploads/1785315592982-28mm%20-%20450ml%20Pharma%20Amber.jpg"}
{"timestamp":"2026-07-29T10:32:56.553Z","level":"LOG","message":"GET /uploads/1785211587586-73mm%20-%20500ml%20Matka%20Clear.jpg"}
{"timestamp":"2026-07-29T10:32:56.554Z","level":"LOG","message":"GET /uploads/1785320299153-28mm%20-%201000ml%20Square%20New%20Op%20White.jpg"}
{"timestamp":"2026-07-29T10:32:56.554Z","level":"LOG","message":"GET /uploads/1785210975309-19mm%20-%2050ml%20Round%20Clear.jpg"}
{"timestamp":"2026-07-29T10:32:56.556Z","level":"LOG","message":"GET /uploads/1785318378861-28mm%20-%20500ml%20Glass%20Cleaner%20Clear.jpg"}
{"timestamp":"2026-07-29T10:32:56.558Z","level":"LOG","message":"GET /uploads/1785211170990-19mm%20-%20100ml%20Square%20Clear.jpg"}
{"timestamp":"2026-07-29T10:32:56.560Z","level":"LOG","message":"GET /uploads/1785211386441-25mm%20-%20200ml%20Brute%20Clear.jpg"}
{"timestamp":"2026-07-29T10:33:33.597Z","level":"LOG","message":"GET /assets/mobileversion-BxBZ8MdL.mp4"}
{"timestamp":"2026-07-29T10:33:33.598Z","level":"LOG","message":"GET /assets/botte-DlEKtSaN.jpeg"}
{"timestamp":"2026-07-29T10:33:33.599Z","level":"LOG","message":"GET /assets/neck-BkksI3Pp.jpeg"}
{"timestamp":"2026-07-29T10:33:33.599Z","level":"LOG","message":"GET /assets/desktopversion-CYOHF4GK.mp4"}
{"timestamp":"2026-07-29T10:33:33.600Z","level":"LOG","message":"GET /assets/finish-SvtEnSdp.jpeg"}
{"timestamp":"2026-07-29T10:33:33.683Z","level":"LOG","message":"GET /favicon.svg"}
{"timestamp":"2026-07-29T10:33:33.684Z","level":"LOG","message":"GET /api/products/categories"}
{"timestamp":"2026-07-29T10:33:33.687Z","level":"LOG","message":"GET /assets/WhatsApp%20Image%202026-07-01%20at%2010.11.38%20PM-Bg4dXVdB.jpeg"}
{"timestamp":"2026-07-29T10:33:33.696Z","level":"LOG","message":"GET /assets/Colour-T7q6LmgL.jpeg"}
{"timestamp":"2026-07-29T10:33:35.391Z","level":"LOG","message":"GET /contact"}
{"timestamp":"2026-07-29T10:33:35.447Z","level":"LOG","message":"GET /assets/index-DbhVSrIG.js"}
{"timestamp":"2026-07-29T10:33:35.448Z","level":"LOG","message":"GET /assets/index-BMf4nrPI.css"}
{"timestamp":"2026-07-29T10:33:35.578Z","level":"LOG","message":"GET /assets/radhe-logo-B_jxZqGy.png"}
{"timestamp":"2026-07-29T10:33:35.768Z","level":"LOG","message":"GET /api/products/categories"}
{"timestamp":"2026-07-29T10:33:36.907Z","level":"LOG","message":"GET /favicon.svg"}
{"timestamp":"2026-07-29T10:38:48.423Z","level":"LOG","message":"GET /assets/Pharna-DZBjz9Bb.png"}
{"timestamp":"2026-07-29T10:38:48.491Z","level":"LOG","message":"GET /api/products?marketSegment=Pharmaceutical"}
{"timestamp":"2026-07-29T10:38:48.497Z","level":"LOG","message":"GET /favicon.svg"}
{"timestamp":"2026-07-29T10:38:48.499Z","level":"LOG","message":"- 28mm / 1000ml Square New: marketSegments = Pharmaceutical,Food & Beverages,Home Care,Industrial"}
{"timestamp":"2026-07-29T10:38:48.499Z","level":"LOG","message":"- 28mm / 450ml Pharma: marketSegments = Pharmaceutical,Personal Care,Industrial"}
{"timestamp":"2026-07-29T10:38:48.499Z","level":"LOG","message":"- 25mm / 200ml Brute: marketSegments = Pharmaceutical,Home Care,Industrial"}
{"timestamp":"2026-07-29T10:38:48.499Z","level":"LOG","message":"- 19mm / 50ml Round: marketSegments = Pharmaceutical,Home Care,Personal Care,Food & Beverages"}
{"timestamp":"2026-07-29T10:38:48.501Z","level":"LOG","message":"GET /api/products/neck-sizes"}
{"timestamp":"2026-07-29T10:38:48.565Z","level":"LOG","message":"GET /uploads/1785315592982-28mm%20-%20450ml%20Pharma%20Amber.jpg"}
{"timestamp":"2026-07-29T10:38:48.566Z","level":"LOG","message":"GET /uploads/1785211386441-25mm%20-%20200ml%20Brute%20Clear.jpg"}
{"timestamp":"2026-07-29T10:38:48.566Z","level":"LOG","message":"GET /uploads/1785320299153-28mm%20-%201000ml%20Square%20New%20Op%20White.jpg"}
{"timestamp":"2026-07-29T10:38:48.568Z","level":"LOG","message":"GET /uploads/1785210975309-19mm%20-%2050ml%20Round%20Clear.jpg"}
{"timestamp":"2026-07-29T10:39:05.681Z","level":"LOG","message":"GET /uploads/1785320299153-28mm%20-%201000ml%20Square%20New%20Op%20White.jpg"}
{"timestamp":"2026-07-29T10:39:09.428Z","level":"LOG","message":"POST /api/products/update-product/6a69d36b4ac534ab6ef54558"}
{"timestamp":"2026-07-29T10:39:09.444Z","level":"ERROR","message":"(node:422024) [MONGOOSE] Warning: mongoose: the `new` option for `findOneAndUpdate()` and `findOneAndReplace()` is deprecated. Use `returnDocument: 'after'` instead.\n(Use `node --trace-warnings ...` to show where the warning was created)"}
{"timestamp":"2026-07-29T10:39:09.496Z","level":"LOG","message":"GET /api/products"}
{"timestamp":"2026-07-29T10:39:09.503Z","level":"LOG","message":"- 28mm / 1000ml Square New: marketSegments = Food & Beverages,Home Care,Industrial"}
{"timestamp":"2026-07-29T10:39:09.503Z","level":"LOG","message":"- 28mm / 500ml Noni Green: marketSegments = Food & Beverages,Home Care"}
{"timestamp":"2026-07-29T10:39:09.503Z","level":"LOG","message":"- 28mm / 500ml Glass Cleaner: marketSegments = Home Care,Industrial"}
{"timestamp":"2026-07-29T10:39:09.503Z","level":"LOG","message":"- 28mm / 450ml Pharma: marketSegments = Pharmaceutical,Personal Care,Industrial"}
{"timestamp":"2026-07-29T10:39:09.503Z","level":"LOG","message":"- 28mm / 200ml MW: marketSegments = Food & Beverages"}
{"timestamp":"2026-07-29T10:39:09.503Z","level":"LOG","message":"- 73mm / 500ml Matka: marketSegments = Personal Care,Food & Beverages,Home Care"}
{"timestamp":"2026-07-29T10:39:09.503Z","level":"LOG","message":"- 25mm / 200ml Brute: marketSegments = Pharmaceutical,Home Care,Industrial"}
{"timestamp":"2026-07-29T10:39:09.503Z","level":"LOG","message":"- 19mm / 100ml Square: marketSegments = Personal Care,Food & Beverages,Home Care"}
{"timestamp":"2026-07-29T10:39:09.503Z","level":"LOG","message":"- 19mm / 50ml Round: marketSegments = Pharmaceutical,Home Care,Personal Care,Food & Beverages"}
{"timestamp":"2026-07-29T10:39:12.082Z","level":"LOG","message":"GET /uploads/1785318549138-28mm%20-%20500ml%20Noni%20Green.jpg"}
{"timestamp":"2026-07-29T10:39:16.903Z","level":"LOG","message":"GET /uploads/1785318378861-28mm%20-%20500ml%20Glass%20Cleaner%20Clear.jpg"}
{"timestamp":"2026-07-29T10:39:18.364Z","level":"LOG","message":"GET /uploads/1785315592982-28mm%20-%20450ml%20Pharma%20Amber.jpg"}
{"timestamp":"2026-07-29T10:39:20.371Z","level":"LOG","message":"GET /uploads/1785315265266-28mm%20-%20200ml%20MW%20Clear.jpg"}
{"timestamp":"2026-07-29T10:39:21.845Z","level":"LOG","message":"GET /uploads/1785211587586-73mm%20-%20500ml%20Matka%20Clear.jpg"}
{"timestamp":"2026-07-29T10:39:24.643Z","level":"LOG","message":"GET /uploads/1785211386441-25mm%20-%20200ml%20Brute%20Clear.jpg"}
{"timestamp":"2026-07-29T10:39:26.222Z","level":"LOG","message":"GET /uploads/1785211170990-19mm%20-%20100ml%20Square%20Clear.jpg"}
{"timestamp":"2026-07-29T10:39:29.071Z","level":"LOG","message":"GET /uploads/1785210975309-19mm%20-%2050ml%20Round%20Clear.jpg"}
{"timestamp":"2026-07-29T10:39:38.148Z","level":"LOG","message":"POST /api/products/update-product/6a68285f7e743e4bda53a3c7"}
{"timestamp":"2026-07-29T10:39:38.157Z","level":"ERROR","message":"(node:422024) [MONGOOSE] Warning: mongoose: the `new` option for `findOneAndUpdate()` and `findOneAndReplace()` is deprecated. Use `returnDocument: 'after'` instead."}
{"timestamp":"2026-07-29T10:39:38.178Z","level":"LOG","message":"GET /api/products"}
{"timestamp":"2026-07-29T10:39:38.194Z","level":"LOG","message":"- 28mm / 1000ml Square New: marketSegments = Food & Beverages,Home Care,Industrial"}
{"timestamp":"2026-07-29T10:39:38.194Z","level":"LOG","message":"- 28mm / 500ml Noni Green: marketSegments = Food & Beverages,Home Care"}
{"timestamp":"2026-07-29T10:39:38.194Z","level":"LOG","message":"- 28mm / 500ml Glass Cleaner: marketSegments = Home Care,Industrial"}
{"timestamp":"2026-07-29T10:39:38.194Z","level":"LOG","message":"- 28mm / 450ml Pharma: marketSegments = Pharmaceutical,Personal Care,Industrial"}
{"timestamp":"2026-07-29T10:39:38.194Z","level":"LOG","message":"- 28mm / 200ml MW: marketSegments = Food & Beverages"}
{"timestamp":"2026-07-29T10:39:38.194Z","level":"LOG","message":"- 73mm / 500ml Matka: marketSegments = Personal Care,Food & Beverages,Home Care"}
{"timestamp":"2026-07-29T10:39:38.194Z","level":"LOG","message":"- 25mm / 200ml Brute: marketSegments = Pharmaceutical,Home Care,Industrial"}
{"timestamp":"2026-07-29T10:39:38.194Z","level":"LOG","message":"- 19mm / 100ml Square: marketSegments = Personal Care,Food & Beverages,Home Care"}
{"timestamp":"2026-07-29T10:39:38.194Z","level":"LOG","message":"- 19mm / 50ml Round: marketSegments = Home Care,Personal Care,Food & Beverages"}
{"timestamp":"2026-07-29T10:39:50.222Z","level":"LOG","message":"GET /api/products?marketSegment=Food+%26+Beverages"}
{"timestamp":"2026-07-29T10:39:50.226Z","level":"LOG","message":"GET /api/products/neck-sizes"}
{"timestamp":"2026-07-29T10:39:50.230Z","level":"LOG","message":"- 28mm / 1000ml Square New: marketSegments = Food & Beverages,Home Care,Industrial"}
{"timestamp":"2026-07-29T10:39:50.230Z","level":"LOG","message":"- 28mm / 500ml Noni Green: marketSegments = Food & Beverages,Home Care"}
{"timestamp":"2026-07-29T10:39:50.230Z","level":"LOG","message":"- 28mm / 200ml MW: marketSegments = Food & Beverages"}
{"timestamp":"2026-07-29T10:39:50.230Z","level":"LOG","message":"- 73mm / 500ml Matka: marketSegments = Personal Care,Food & Beverages,Home Care"}
{"timestamp":"2026-07-29T10:39:50.230Z","level":"LOG","message":"- 19mm / 100ml Square: marketSegments = Personal Care,Food & Beverages,Home Care"}
{"timestamp":"2026-07-29T10:39:50.230Z","level":"LOG","message":"- 19mm / 50ml Round: marketSegments = Home Care,Personal Care,Food & Beverages"}
{"timestamp":"2026-07-29T10:39:50.234Z","level":"LOG","message":"GET /assets/Food%20_%20Beverages-5CdNv3ri.png"}
{"timestamp":"2026-07-29T10:39:50.278Z","level":"LOG","message":"GET /favicon.svg"}
{"timestamp":"2026-07-29T10:39:50.321Z","level":"LOG","message":"GET /uploads/1785211587586-73mm%20-%20500ml%20Matka%20Clear.jpg"}
{"timestamp":"2026-07-29T10:39:50.322Z","level":"LOG","message":"GET /uploads/1785320299153-28mm%20-%201000ml%20Square%20New%20Op%20White.jpg"}
{"timestamp":"2026-07-29T10:39:50.323Z","level":"LOG","message":"GET /uploads/1785211170990-19mm%20-%20100ml%20Square%20Clear.jpg"}
{"timestamp":"2026-07-29T10:39:50.328Z","level":"LOG","message":"GET /uploads/1785315265266-28mm%20-%20200ml%20MW%20Clear.jpg"}
{"timestamp":"2026-07-29T10:39:50.328Z","level":"LOG","message":"GET /uploads/1785318549138-28mm%20-%20500ml%20Noni%20Green.jpg"}
{"timestamp":"2026-07-29T10:39:50.329Z","level":"LOG","message":"GET /uploads/1785210975309-19mm%20-%2050ml%20Round%20Clear.jpg"}
{"timestamp":"2026-07-29T10:39:52.080Z","level":"LOG","message":"GET /api/products?marketSegment=Pharmaceutical"}
{"timestamp":"2026-07-29T10:39:52.090Z","level":"LOG","message":"- 28mm / 450ml Pharma: marketSegments = Pharmaceutical,Personal Care,Industrial"}
{"timestamp":"2026-07-29T10:39:52.090Z","level":"LOG","message":"- 25mm / 200ml Brute: marketSegments = Pharmaceutical,Home Care,Industrial"}
{"timestamp":"2026-07-29T10:39:52.099Z","level":"LOG","message":"GET /assets/Pharna-DZBjz9Bb.png"}
{"timestamp":"2026-07-29T10:39:52.114Z","level":"LOG","message":"GET /favicon.svg"}
{"timestamp":"2026-07-29T10:39:52.148Z","level":"LOG","message":"GET /uploads/1785211386441-25mm%20-%20200ml%20Brute%20Clear.jpg"}
{"timestamp":"2026-07-29T10:39:52.149Z","level":"LOG","message":"GET /uploads/1785315592982-28mm%20-%20450ml%20Pharma%20Amber.jpg"}
{"timestamp":"2026-07-29T10:39:52.292Z","level":"LOG","message":"GET /api/products/neck-sizes"}
{"timestamp":"2026-07-29T10:40:11.864Z","level":"LOG","message":"GET /api/products"}
{"timestamp":"2026-07-29T10:40:11.867Z","level":"LOG","message":"GET /favicon.svg"}
{"timestamp":"2026-07-29T10:40:11.873Z","level":"LOG","message":"- 28mm / 1000ml Square New: marketSegments = Food & Beverages,Home Care,Industrial"}
{"timestamp":"2026-07-29T10:40:11.873Z","level":"LOG","message":"- 28mm / 500ml Noni Green: marketSegments = Food & Beverages,Home Care"}
{"timestamp":"2026-07-29T10:40:11.873Z","level":"LOG","message":"- 28mm / 500ml Glass Cleaner: marketSegments = Home Care,Industrial"}
{"timestamp":"2026-07-29T10:40:11.873Z","level":"LOG","message":"- 28mm / 450ml Pharma: marketSegments = Pharmaceutical,Personal Care,Industrial"}
{"timestamp":"2026-07-29T10:40:11.873Z","level":"LOG","message":"- 28mm / 200ml MW: marketSegments = Food & Beverages"}
{"timestamp":"2026-07-29T10:40:11.873Z","level":"LOG","message":"- 73mm / 500ml Matka: marketSegments = Personal Care,Food & Beverages,Home Care"}
{"timestamp":"2026-07-29T10:40:11.873Z","level":"LOG","message":"- 25mm / 200ml Brute: marketSegments = Pharmaceutical,Home Care,Industrial"}
{"timestamp":"2026-07-29T10:40:11.873Z","level":"LOG","message":"- 19mm / 100ml Square: marketSegments = Personal Care,Food & Beverages,Home Care"}
{"timestamp":"2026-07-29T10:40:11.873Z","level":"LOG","message":"- 19mm / 50ml Round: marketSegments = Home Care,Personal Care,Food & Beverages"}
{"timestamp":"2026-07-29T10:40:36.256Z","level":"LOG","message":"GET /assets/Bottle%20Category-C5jE_ANd.png"}
{"timestamp":"2026-07-29T10:40:36.263Z","level":"LOG","message":"GET /api/products/categories"}
{"timestamp":"2026-07-29T10:40:36.265Z","level":"LOG","message":"GET /favicon.svg"}
{"timestamp":"2026-07-29T10:40:36.296Z","level":"LOG","message":"GET /api/products/neck-sizes"}
{"timestamp":"2026-07-29T10:40:36.298Z","level":"LOG","message":"GET /api/products/categories"}
{"timestamp":"2026-07-29T10:40:36.321Z","level":"LOG","message":"GET /api/products?category=Bottles"}
{"timestamp":"2026-07-29T10:40:36.329Z","level":"LOG","message":"- 28mm / 1000ml Square New: marketSegments = Food & Beverages,Home Care,Industrial"}
{"timestamp":"2026-07-29T10:40:36.329Z","level":"LOG","message":"- 28mm / 500ml Noni Green: marketSegments = Food & Beverages,Home Care"}
{"timestamp":"2026-07-29T10:40:36.329Z","level":"LOG","message":"- 28mm / 500ml Glass Cleaner: marketSegments = Home Care,Industrial"}
{"timestamp":"2026-07-29T10:40:36.329Z","level":"LOG","message":"- 28mm / 450ml Pharma: marketSegments = Pharmaceutical,Personal Care,Industrial"}
{"timestamp":"2026-07-29T10:40:36.329Z","level":"LOG","message":"- 28mm / 200ml MW: marketSegments = Food & Beverages"}
{"timestamp":"2026-07-29T10:40:36.329Z","level":"LOG","message":"- 25mm / 200ml Brute: marketSegments = Pharmaceutical,Home Care,Industrial"}
{"timestamp":"2026-07-29T10:40:36.329Z","level":"LOG","message":"- 19mm / 100ml Square: marketSegments = Personal Care,Food & Beverages,Home Care"}
{"timestamp":"2026-07-29T10:40:36.329Z","level":"LOG","message":"- 19mm / 50ml Round: marketSegments = Home Care,Personal Care,Food & Beverages"}
{"timestamp":"2026-07-29T10:40:36.368Z","level":"LOG","message":"GET /uploads/1785320299153-28mm%20-%201000ml%20Square%20New%20Op%20White.jpg"}
{"timestamp":"2026-07-29T10:40:36.369Z","level":"LOG","message":"GET /uploads/1785211170990-19mm%20-%20100ml%20Square%20Clear.jpg"}
{"timestamp":"2026-07-29T10:40:36.369Z","level":"LOG","message":"GET /uploads/1785315265266-28mm%20-%20200ml%20MW%20Clear.jpg"}
{"timestamp":"2026-07-29T10:40:36.370Z","level":"LOG","message":"GET /uploads/1785318549138-28mm%20-%20500ml%20Noni%20Green.jpg"}
{"timestamp":"2026-07-29T10:40:36.372Z","level":"LOG","message":"GET /uploads/1785210975309-19mm%20-%2050ml%20Round%20Clear.jpg"}
{"timestamp":"2026-07-29T10:40:36.374Z","level":"LOG","message":"GET /uploads/1785318378861-28mm%20-%20500ml%20Glass%20Cleaner%20Clear.jpg"}
{"timestamp":"2026-07-29T10:40:44.540Z","level":"LOG","message":"GET /api/products/categories"}
{"timestamp":"2026-07-29T10:40:44.542Z","level":"LOG","message":"GET /favicon.svg"}
{"timestamp":"2026-07-29T10:40:44.549Z","level":"LOG","message":"GET /assets/Jars%20category-DmcLVyK3.png"}
{"timestamp":"2026-07-29T10:40:44.588Z","level":"LOG","message":"GET /api/products/categories"}
{"timestamp":"2026-07-29T10:40:44.590Z","level":"LOG","message":"GET /api/products/neck-sizes"}
{"timestamp":"2026-07-29T10:40:44.627Z","level":"LOG","message":"GET /api/products?category=Jars"}
{"timestamp":"2026-07-29T10:40:44.633Z","level":"LOG","message":"- 73mm / 500ml Matka: marketSegments = Personal Care,Food & Beverages,Home Care"}
{"timestamp":"2026-07-29T10:40:44.664Z","level":"LOG","message":"GET /uploads/1785211587586-73mm%20-%20500ml%20Matka%20Clear.jpg"}
{"timestamp":"2026-07-29T15:59:03.354Z","level":"LOG","message":"◇ injected env (1) from .env // tip: ⌘ enable debugging { debug: true }"}
{"timestamp":"2026-07-29T15:59:03.358Z","level":"LOG","message":"Starting application..."}
{"timestamp":"2026-07-29T15:59:03.358Z","level":"LOG","message":"MONGO_URI: Loaded"}
{"timestamp":"2026-07-29T15:59:03.358Z","level":"LOG","message":"JWT_SECRET: Loaded"}
{"timestamp":"2026-07-29T15:59:03.360Z","level":"LOG","message":"Connecting to MongoDB..."}
{"timestamp":"2026-07-29T15:59:03.374Z","level":"LOG","message":"Dist Path: /home/u610568114/domains/deeppink-dove-588039.hostingersite.com/nodejs/dist"}
{"timestamp":"2026-07-29T15:59:03.374Z","level":"LOG","message":"About to start server..."}
{"timestamp":"2026-07-29T15:59:03.378Z","level":"LOG","message":"✅ Server running on port 5000"}
{"timestamp":"2026-07-29T15:59:03.392Z","level":"LOG","message":"GET /favicon.ico"}
{"timestamp":"2026-07-29T15:59:03.417Z","level":"LOG","message":"GET /apple-touch-icon-precomposed.png"}
{"timestamp":"2026-07-29T15:59:03.421Z","level":"LOG","message":"GET /"}
{"timestamp":"2026-07-29T15:59:03.424Z","level":"LOG","message":"GET /apple-touch-icon.png"}
{"timestamp":"2026-07-29T15:59:03.518Z","level":"LOG","message":"GET /favicon.svg"}
{"timestamp":"2026-07-29T15:59:03.681Z","level":"LOG","message":"✅ MongoDB Connected"}
{"timestamp":"2026-07-29T15:59:03.681Z","level":"LOG","message":"Database Name: test"}
{"timestamp":"2026-07-29T15:59:03.764Z","level":"LOG","message":"✅ Admin already exists, skipping creation"}
{"timestamp":"2026-07-29T15:59:04.948Z","level":"LOG","message":"✅ SMTP Server is ready to send emails!"}
{"timestamp":"2026-07-29T20:17:45.951Z","level":"LOG","message":"GET /products/Jars"}
{"timestamp":"2026-07-29T20:17:45.953Z","level":"LOG","message":"GET /admin/dashboard"}
{"timestamp":"2026-07-29T20:17:46.930Z","level":"LOG","message":"GET /api/products/categories"}
{"timestamp":"2026-07-29T20:17:46.934Z","level":"LOG","message":"GET /favicon.svg"}
{"timestamp":"2026-07-29T20:17:46.961Z","level":"LOG","message":"GET /favicon.svg"}
{"timestamp":"2026-07-29T20:17:46.968Z","level":"LOG","message":"GET /api/products?category=Jars"}
{"timestamp":"2026-07-29T20:17:46.978Z","level":"LOG","message":"- 73mm / 500ml Matka: marketSegments = Personal Care,Food & Beverages,Home Care"}
{"timestamp":"2026-07-29T20:17:47.083Z","level":"LOG","message":"GET /uploads/1785211587586-73mm%20-%20500ml%20Matka%20Clear.jpg"}
{"timestamp":"2026-07-29T20:17:47.820Z","level":"LOG","message":"GET /api/products/neck-sizes"}
{"timestamp":"2026-07-30T06:39:07.180Z","level":"LOG","message":"GET /products/Bottles"}
{"timestamp":"2026-07-30T06:39:07.249Z","level":"LOG","message":"GET /assets/index-DbhVSrIG.js"}
{"timestamp":"2026-07-30T06:39:07.362Z","level":"LOG","message":"GET /assets/index-BMf4nrPI.css"}
{"timestamp":"2026-07-30T06:39:07.625Z","level":"LOG","message":"GET /assets/radhe-logo-B_jxZqGy.png"}
{"timestamp":"2026-07-30T06:39:07.675Z","level":"LOG","message":"GET /assets/Bottle%20Category-C5jE_ANd.png"}
{"timestamp":"2026-07-30T06:39:07.748Z","level":"LOG","message":"GET /api/products/categories"}
{"timestamp":"2026-07-30T06:39:07.804Z","level":"LOG","message":"GET /api/products/categories"}
{"timestamp":"2026-07-30T06:39:07.854Z","level":"LOG","message":"GET /api/products/neck-sizes"}
{"timestamp":"2026-07-30T06:39:07.862Z","level":"LOG","message":"GET /api/products/categories"}
{"timestamp":"2026-07-30T06:39:07.932Z","level":"LOG","message":"GET /api/products?category=Bottles"}
{"timestamp":"2026-07-30T06:39:07.941Z","level":"LOG","message":"- 28mm / 1000ml Square New: marketSegments = Food & Beverages,Home Care,Industrial"}
{"timestamp":"2026-07-30T06:39:07.941Z","level":"LOG","message":"- 28mm / 500ml Noni Green: marketSegments = Food & Beverages,Home Care"}
{"timestamp":"2026-07-30T06:39:07.941Z","level":"LOG","message":"- 28mm / 500ml Glass Cleaner: marketSegments = Home Care,Industrial"}
{"timestamp":"2026-07-30T06:39:07.941Z","level":"LOG","message":"- 28mm / 450ml Pharma: marketSegments = Pharmaceutical,Personal Care,Industrial"}
{"timestamp":"2026-07-30T06:39:07.941Z","level":"LOG","message":"- 28mm / 200ml MW: marketSegments = Food & Beverages"}
{"timestamp":"2026-07-30T06:39:07.941Z","level":"LOG","message":"- 25mm / 200ml Brute: marketSegments = Pharmaceutical,Home Care,Industrial"}
{"timestamp":"2026-07-30T06:39:07.941Z","level":"LOG","message":"- 19mm / 100ml Square: marketSegments = Personal Care,Food & Beverages,Home Care"}
{"timestamp":"2026-07-30T06:39:07.941Z","level":"LOG","message":"- 19mm / 50ml Round: marketSegments = Home Care,Personal Care,Food & Beverages"}
{"timestamp":"2026-07-30T06:39:08.052Z","level":"LOG","message":"GET /uploads/1785315265266-28mm%20-%20200ml%20MW%20Clear.jpg"}
{"timestamp":"2026-07-30T06:39:08.053Z","level":"LOG","message":"GET /uploads/1785211170990-19mm%20-%20100ml%20Square%20Clear.jpg"}
{"timestamp":"2026-07-30T06:39:08.054Z","level":"LOG","message":"GET /uploads/1785318549138-28mm%20-%20500ml%20Noni%20Green.jpg"}
{"timestamp":"2026-07-30T06:39:08.112Z","level":"LOG","message":"GET /uploads/1785320299153-28mm%20-%201000ml%20Square%20New%20Op%20White.jpg"}
{"timestamp":"2026-07-30T06:39:08.113Z","level":"LOG","message":"GET /favicon.svg"}
{"timestamp":"2026-07-30T06:39:08.114Z","level":"LOG","message":"GET /uploads/1785211386441-25mm%20-%20200ml%20Brute%20Clear.jpg"}
{"timestamp":"2026-07-30T06:39:08.119Z","level":"LOG","message":"GET /uploads/1785315592982-28mm%20-%20450ml%20Pharma%20Amber.jpg"}
{"timestamp":"2026-07-30T06:39:08.120Z","level":"LOG","message":"GET /uploads/1785210975309-19mm%20-%2050ml%20Round%20Clear.jpg"}
{"timestamp":"2026-07-30T06:39:08.121Z","level":"LOG","message":"GET /uploads/1785318378861-28mm%20-%20500ml%20Glass%20Cleaner%20Clear.jpg"}
{"timestamp":"2026-07-30T06:39:18.716Z","level":"LOG","message":"GET /admin"}
{"timestamp":"2026-07-30T06:39:18.760Z","level":"LOG","message":"GET /assets/index-DbhVSrIG.js"}
{"timestamp":"2026-07-30T06:39:18.761Z","level":"LOG","message":"GET /assets/index-BMf4nrPI.css"}
{"timestamp":"2026-07-30T06:39:18.932Z","level":"LOG","message":"GET /favicon.svg"}
{"timestamp":"2026-07-30T06:42:05.870Z","level":"LOG","message":"POST /api/admin/login"}
{"timestamp":"2026-07-30T06:42:06.011Z","level":"LOG","message":"GET /favicon.svg"}
{"timestamp":"2026-07-30T06:42:06.075Z","level":"LOG","message":"GET /api/products"}
{"timestamp":"2026-07-30T06:42:06.077Z","level":"LOG","message":"GET /api/products/categories"}
{"timestamp":"2026-07-30T06:42:06.084Z","level":"LOG","message":"- 28mm / 1000ml Square New: marketSegments = Food & Beverages,Home Care,Industrial"}
{"timestamp":"2026-07-30T06:42:06.084Z","level":"LOG","message":"- 28mm / 500ml Noni Green: marketSegments = Food & Beverages,Home Care"}
{"timestamp":"2026-07-30T06:42:06.084Z","level":"LOG","message":"- 28mm / 500ml Glass Cleaner: marketSegments = Home Care,Industrial"}
{"timestamp":"2026-07-30T06:42:06.084Z","level":"LOG","message":"- 28mm / 450ml Pharma: marketSegments = Pharmaceutical,Personal Care,Industrial"}
{"timestamp":"2026-07-30T06:42:06.084Z","level":"LOG","message":"- 28mm / 200ml MW: marketSegments = Food & Beverages"}
{"timestamp":"2026-07-30T06:42:06.084Z","level":"LOG","message":"- 73mm / 500ml Matka: marketSegments = Personal Care,Food & Beverages,Home Care"}
{"timestamp":"2026-07-30T06:42:06.084Z","level":"LOG","message":"- 25mm / 200ml Brute: marketSegments = Pharmaceutical,Home Care,Industrial"}
{"timestamp":"2026-07-30T06:42:06.084Z","level":"LOG","message":"- 19mm / 100ml Square: marketSegments = Personal Care,Food & Beverages,Home Care"}
{"timestamp":"2026-07-30T06:42:06.084Z","level":"LOG","message":"- 19mm / 50ml Round: marketSegments = Home Care,Personal Care,Food & Beverages"}
{"timestamp":"2026-07-30T08:37:07.513Z","level":"LOG","message":"POST /api/products/add-product"}
{"timestamp":"2026-07-30T08:37:07.522Z","level":"LOG","message":"[DEBUG] Request body: {\"name\":\"Bottle-09\",\"sku\":\"Sku-001\",\"category\":\"Bottles\",\"productType\":\"\",\"color\":\"[\\\"Red\\\"]\",\"moqPackaging\":\"{\\\"Red\\\":\\\"2000\\\"}\",\"capType\":\"Caps\",\"usage\":\"\",\"keySpecs\":\"\",\"marketSegments\":\"[\\\"Personal Care\\\",\\\"Home Care\\\"]\",\"volume\":\"200ml\",\"neckSize\":\"53mm\",\"weight\":\"30g\",\"neckProfile\":\"[\\\"SP410\\\",\\\"Alaska\\\"]\",\"ofc\":\"OFC\",\"height\":\"12\",\"diameter\":\"2\",\"pilfer\":\"\",\"length\":\"\",\"showInPopup\":\"true\"}"}
{"timestamp":"2026-07-30T08:37:07.522Z","level":"LOG","message":"[DEBUG] Request files: [{\"fieldname\":\"image-Red\",\"originalname\":\"Flight case hinge.jpg\",\"encoding\":\"7bit\",\"mimetype\":\"image/jpeg\",\"destination\":\"/home/u610568114/domains/deeppink-dove-588039.hostingersite.com/nodejs/uploads/\",\"filename\":\"1785400627520-Flight case hinge.jpg\",\"path\":\"/home/u610568114/domains/deeppink-dove-588039.hostingersite.com/nodejs/uploads/1785400627520-Flight case hinge.jpg\",\"size\":40792}]"}
{"timestamp":"2026-07-30T08:37:07.522Z","level":"LOG","message":"[DEBUG] parsedNeckProfile: [\"SP410\",\"Alaska\"]"}
{"timestamp":"2026-07-30T08:37:07.549Z","level":"LOG","message":"[DEBUG] Creating product with data: {\"name\":\"Bottle-09\",\"category\":\"Bottles\",\"productType\":\"\",\"color\":[\"Red\"],\"moqPackaging\":{\"Red\":\"2000\"},\"capType\":\"Caps\",\"usage\":\"\",\"keySpecs\":\"\",\"images\":{\"Red\":\"1785400627520-Flight case hinge.jpg\"},\"showInPopup\":true,\"marketSegments\":[\"Personal Care\",\"Home Care\"],\"volume\":\"200ml\",\"neckSize\":\"53mm\",\"weight\":\"30g\",\"neckProfile\":[\"SP410\",\"Alaska\"],\"ofc\":\"OFC\",\"height\":\"12\",\"diameter\":\"2\",\"pilfer\":\"\",\"length\":\"\",\"sku\":\"SKU-0017\"}"}
{"timestamp":"2026-07-30T08:37:07.609Z","level":"LOG","message":"GET /api/products"}
{"timestamp":"2026-07-30T08:37:07.616Z","level":"LOG","message":"- Bottle-09: marketSegments = Personal Care,Home Care"}
{"timestamp":"2026-07-30T08:37:07.616Z","level":"LOG","message":"- 28mm / 1000ml Square New: marketSegments = Food & Beverages,Home Care,Industrial"}
{"timestamp":"2026-07-30T08:37:07.616Z","level":"LOG","message":"- 28mm / 500ml Noni Green: marketSegments = Food & Beverages,Home Care"}
{"timestamp":"2026-07-30T08:37:07.616Z","level":"LOG","message":"- 28mm / 500ml Glass Cleaner: marketSegments = Home Care,Industrial"}
{"timestamp":"2026-07-30T08:37:07.616Z","level":"LOG","message":"- 28mm / 450ml Pharma: marketSegments = Pharmaceutical,Personal Care,Industrial"}
{"timestamp":"2026-07-30T08:37:07.616Z","level":"LOG","message":"- 28mm / 200ml MW: marketSegments = Food & Beverages"}
{"timestamp":"2026-07-30T08:37:07.616Z","level":"LOG","message":"- 73mm / 500ml Matka: marketSegments = Personal Care,Food & Beverages,Home Care"}
{"timestamp":"2026-07-30T08:37:07.616Z","level":"LOG","message":"- 25mm / 200ml Brute: marketSegments = Pharmaceutical,Home Care,Industrial"}
{"timestamp":"2026-07-30T08:37:07.616Z","level":"LOG","message":"- 19mm / 100ml Square: marketSegments = Personal Care,Food & Beverages,Home Care"}
{"timestamp":"2026-07-30T08:37:07.616Z","level":"LOG","message":"- 19mm / 50ml Round: marketSegments = Home Care,Personal Care,Food & Beverages"}
{"timestamp":"2026-07-30T08:37:11.925Z","level":"LOG","message":"GET /uploads/1785400627520-Flight%20case%20hinge.jpg"}
{"timestamp":"2026-07-30T08:38:20.774Z","level":"LOG","message":"DELETE /api/products/delete-product/6a6b0d334a4757ae1d8207a9"}
{"timestamp":"2026-07-30T08:38:20.802Z","level":"LOG","message":"GET /api/products"}
{"timestamp":"2026-07-30T08:38:20.809Z","level":"LOG","message":"- 28mm / 1000ml Square New: marketSegments = Food & Beverages,Home Care,Industrial"}
{"timestamp":"2026-07-30T08:38:20.809Z","level":"LOG","message":"- 28mm / 500ml Noni Green: marketSegments = Food & Beverages,Home Care"}
{"timestamp":"2026-07-30T08:38:20.809Z","level":"LOG","message":"- 28mm / 500ml Glass Cleaner: marketSegments = Home Care,Industrial"}
{"timestamp":"2026-07-30T08:38:20.809Z","level":"LOG","message":"- 28mm / 450ml Pharma: marketSegments = Pharmaceutical,Personal Care,Industrial"}
{"timestamp":"2026-07-30T08:38:20.809Z","level":"LOG","message":"- 28mm / 200ml MW: marketSegments = Food & Beverages"}
{"timestamp":"2026-07-30T08:38:20.809Z","level":"LOG","message":"- 73mm / 500ml Matka: marketSegments = Personal Care,Food & Beverages,Home Care"}
{"timestamp":"2026-07-30T08:38:20.809Z","level":"LOG","message":"- 25mm / 200ml Brute: marketSegments = Pharmaceutical,Home Care,Industrial"}
{"timestamp":"2026-07-30T08:38:20.809Z","level":"LOG","message":"- 19mm / 100ml Square: marketSegments = Personal Care,Food & Beverages,Home Care"}
{"timestamp":"2026-07-30T08:38:20.809Z","level":"LOG","message":"- 19mm / 50ml Round: marketSegments = Home Care,Personal Care,Food & Beverages"}
{"timestamp":"2026-07-30T08:38:23.909Z","level":"LOG","message":"GET /"}
{"timestamp":"2026-07-30T08:38:23.994Z","level":"LOG","message":"GET /assets/index-DbhVSrIG.js"}
{"timestamp":"2026-07-30T08:38:23.995Z","level":"LOG","message":"GET /assets/index-BMf4nrPI.css"}
{"timestamp":"2026-07-30T08:38:24.174Z","level":"LOG","message":"GET /assets/Map-__M_oImN.jpeg"}
{"timestamp":"2026-07-30T08:38:24.179Z","level":"LOG","message":"GET /assets/Food%20_%20Beverages-5CdNv3ri.png"}
{"timestamp":"2026-07-30T08:38:24.180Z","level":"LOG","message":"GET /assets/radhe-logo-B_jxZqGy.png"}
{"timestamp":"2026-07-30T08:38:24.181Z","level":"LOG","message":"GET /assets/JAR-D9NsdZGp.png"}
{"timestamp":"2026-07-30T08:38:24.181Z","level":"LOG","message":"GET /assets/Pharna-DZBjz9Bb.png"}
{"timestamp":"2026-07-30T08:38:24.182Z","level":"LOG","message":"GET /assets/Personal%20Care-W2Lqo-5I.png"}
{"timestamp":"2026-07-30T08:38:24.183Z","level":"LOG","message":"GET /assets/DR%20RASHEL%20BEAUTY-BEYd_P_-.png"}
{"timestamp":"2026-07-30T08:38:24.184Z","level":"LOG","message":"GET /assets/Industrial-BGdZrctT.png"}
{"timestamp":"2026-07-30T08:38:24.185Z","level":"LOG","message":"GET /assets/Home%20care-D5D2SBJK.png"}
{"timestamp":"2026-07-30T08:38:24.187Z","level":"LOG","message":"GET /assets/BOTTLE-CeeQORqf.png"}
{"timestamp":"2026-07-30T08:38:24.188Z","level":"LOG","message":"GET /assets/KALVERTS-B9GIIP_1.png"}
{"timestamp":"2026-07-30T08:38:24.188Z","level":"LOG","message":"GET /assets/CAP-YPir5_aW.png"}
{"timestamp":"2026-07-30T08:38:24.189Z","level":"LOG","message":"GET /assets/ASHWIN%20HEALTHCARE-DkmTNXEZ.png"}
{"timestamp":"2026-07-30T08:38:24.190Z","level":"LOG","message":"GET /assets/SIMANDHAR-4GAyAvK2.png"}
{"timestamp":"2026-07-30T08:38:24.196Z","level":"LOG","message":"GET /assets/SOULFLOWER-_m6N4oRi.png"}
{"timestamp":"2026-07-30T08:38:24.198Z","level":"LOG","message":"GET /assets/ABHAY-wui2kW0U.png"}
{"timestamp":"2026-07-30T08:38:24.203Z","level":"LOG","message":"GET /assets/PREFORMS-sWuwmMUw.png"}
{"timestamp":"2026-07-30T08:38:24.204Z","level":"LOG","message":"GET /assets/ACPL%20LOGO-BjLoRMu6.png"}
{"timestamp":"2026-07-30T08:38:24.207Z","level":"LOG","message":"GET /assets/FLOWER%20BRAND-CdYGOHU3.png"}
{"timestamp":"2026-07-30T08:38:24.218Z","level":"LOG","message":"GET /assets/HI%20FI%20INDIA-Baz4HqdH.png"}
{"timestamp":"2026-07-30T08:38:24.218Z","level":"LOG","message":"GET /assets/HERBALHILLS-Bj5a8WLk.png"}
{"timestamp":"2026-07-30T08:38:24.222Z","level":"LOG","message":"GET /assets/MAHIDA%20_%20SONS-v_BYHAyC.png"}
{"timestamp":"2026-07-30T08:38:24.225Z","level":"LOG","message":"GET /assets/Optisol%20Lenscare-BCi_yuAG.png"}
{"timestamp":"2026-07-30T08:38:24.225Z","level":"LOG","message":"GET /assets/TIGER-DfBV1Yy-.png"}
{"timestamp":"2026-07-30T08:38:24.979Z","level":"LOG","message":"GET /api/products/categories"}
{"timestamp":"2026-07-30T08:38:24.981Z","level":"LOG","message":"GET /api/products"}
{"timestamp":"2026-07-30T08:38:24.990Z","level":"LOG","message":"- 28mm / 1000ml Square New: marketSegments = Food & Beverages,Home Care,Industrial"}
{"timestamp":"2026-07-30T08:38:24.990Z","level":"LOG","message":"- 28mm / 500ml Noni Green: marketSegments = Food & Beverages,Home Care"}
{"timestamp":"2026-07-30T08:38:24.990Z","level":"LOG","message":"- 28mm / 500ml Glass Cleaner: marketSegments = Home Care,Industrial"}
{"timestamp":"2026-07-30T08:38:24.990Z","level":"LOG","message":"- 28mm / 450ml Pharma: marketSegments = Pharmaceutical,Personal Care,Industrial"}
{"timestamp":"2026-07-30T08:38:24.990Z","level":"LOG","message":"- 28mm / 200ml MW: marketSegments = Food & Beverages"}
{"timestamp":"2026-07-30T08:38:24.990Z","level":"LOG","message":"- 73mm / 500ml Matka: marketSegments = Personal Care,Food & Beverages,Home Care"}
{"timestamp":"2026-07-30T08:38:24.990Z","level":"LOG","message":"- 25mm / 200ml Brute: marketSegments = Pharmaceutical,Home Care,Industrial"}
{"timestamp":"2026-07-30T08:38:24.990Z","level":"LOG","message":"- 19mm / 100ml Square: marketSegments = Personal Care,Food & Beverages,Home Care"}
{"timestamp":"2026-07-30T08:38:24.990Z","level":"LOG","message":"- 19mm / 50ml Round: marketSegments = Home Care,Personal Care,Food & Beverages"}
{"timestamp":"2026-07-30T08:38:25.013Z","level":"LOG","message":"GET /api/products"}
{"timestamp":"2026-07-30T08:38:25.015Z","level":"LOG","message":"GET /api/products/categories"}
{"timestamp":"2026-07-30T08:38:25.021Z","level":"LOG","message":"- 28mm / 1000ml Square New: marketSegments = Food & Beverages,Home Care,Industrial"}
{"timestamp":"2026-07-30T08:38:25.021Z","level":"LOG","message":"- 28mm / 500ml Noni Green: marketSegments = Food & Beverages,Home Care"}
{"timestamp":"2026-07-30T08:38:25.021Z","level":"LOG","message":"- 28mm / 500ml Glass Cleaner: marketSegments = Home Care,Industrial"}
{"timestamp":"2026-07-30T08:38:25.021Z","level":"LOG","message":"- 28mm / 450ml Pharma: marketSegments = Pharmaceutical,Personal Care,Industrial"}
{"timestamp":"2026-07-30T08:38:25.021Z","level":"LOG","message":"- 28mm / 200ml MW: marketSegments = Food & Beverages"}
{"timestamp":"2026-07-30T08:38:25.021Z","level":"LOG","message":"- 73mm / 500ml Matka: marketSegments = Personal Care,Food & Beverages,Home Care"}
{"timestamp":"2026-07-30T08:38:25.021Z","level":"LOG","message":"- 25mm / 200ml Brute: marketSegments = Pharmaceutical,Home Care,Industrial"}
{"timestamp":"2026-07-30T08:38:25.021Z","level":"LOG","message":"- 19mm / 100ml Square: marketSegments = Personal Care,Food & Beverages,Home Care"}
{"timestamp":"2026-07-30T08:38:25.022Z","level":"LOG","message":"- 19mm / 50ml Round: marketSegments = Home Care,Personal Care,Food & Beverages"}
{"timestamp":"2026-07-30T08:38:25.035Z","level":"LOG","message":"GET /api/products/categories"}
{"timestamp":"2026-07-30T08:38:25.535Z","level":"LOG","message":"GET /favicon.svg"}
{"timestamp":"2026-07-30T08:38:28.136Z","level":"LOG","message":"GET /favicon.svg"}
{"timestamp":"2026-07-30T08:38:28.218Z","level":"LOG","message":"GET /api/products?marketSegment=Pharmaceutical"}
{"timestamp":"2026-07-30T08:38:28.219Z","level":"LOG","message":"GET /api/products/neck-sizes"}
{"timestamp":"2026-07-30T08:38:28.224Z","level":"LOG","message":"- 28mm / 450ml Pharma: marketSegments = Pharmaceutical,Personal Care,Industrial"}
{"timestamp":"2026-07-30T08:38:28.224Z","level":"LOG","message":"- 25mm / 200ml Brute: marketSegments = Pharmaceutical,Home Care,Industrial"}
{"timestamp":"2026-07-30T08:38:28.289Z","level":"LOG","message":"GET /uploads/1785315592982-28mm%20-%20450ml%20Pharma%20Amber.jpg"}
{"timestamp":"2026-07-30T08:38:28.289Z","level":"LOG","message":"GET /uploads/1785211386441-25mm%20-%20200ml%20Brute%20Clear.jpg"}
{"timestamp":"2026-07-30T08:38:32.761Z","level":"LOG","message":"GET /api/products"}
{"timestamp":"2026-07-30T08:38:32.763Z","level":"LOG","message":"GET /favicon.svg"}
{"timestamp":"2026-07-30T08:38:32.769Z","level":"LOG","message":"- 28mm / 1000ml Square New: marketSegments = Food & Beverages,Home Care,Industrial"}
{"timestamp":"2026-07-30T08:38:32.769Z","level":"LOG","message":"- 28mm / 500ml Noni Green: marketSegments = Food & Beverages,Home Care"}
{"timestamp":"2026-07-30T08:38:32.769Z","level":"LOG","message":"- 28mm / 500ml Glass Cleaner: marketSegments = Home Care,Industrial"}
{"timestamp":"2026-07-30T08:38:32.769Z","level":"LOG","message":"- 28mm / 450ml Pharma: marketSegments = Pharmaceutical,Personal Care,Industrial"}
{"timestamp":"2026-07-30T08:38:32.769Z","level":"LOG","message":"- 28mm / 200ml MW: marketSegments = Food & Beverages"}
{"timestamp":"2026-07-30T08:38:32.769Z","level":"LOG","message":"- 73mm / 500ml Matka: marketSegments = Personal Care,Food & Beverages,Home Care"}
{"timestamp":"2026-07-30T08:38:32.769Z","level":"LOG","message":"- 25mm / 200ml Brute: marketSegments = Pharmaceutical,Home Care,Industrial"}
{"timestamp":"2026-07-30T08:38:32.769Z","level":"LOG","message":"- 19mm / 100ml Square: marketSegments = Personal Care,Food & Beverages,Home Care"}
{"timestamp":"2026-07-30T08:38:32.769Z","level":"LOG","message":"- 19mm / 50ml Round: marketSegments = Home Care,Personal Care,Food & Beverages"}
{"timestamp":"2026-07-30T08:38:40.563Z","level":"LOG","message":"GET /favicon.svg"}
{"timestamp":"2026-07-30T08:38:40.601Z","level":"LOG","message":"GET /api/products/categories"}
{"timestamp":"2026-07-30T08:38:40.602Z","level":"LOG","message":"GET /api/products/neck-sizes"}
{"timestamp":"2026-07-30T08:38:40.625Z","level":"LOG","message":"GET /api/products"}
{"timestamp":"2026-07-30T08:38:40.631Z","level":"LOG","message":"- 28mm / 1000ml Square New: marketSegments = Food & Beverages,Home Care,Industrial"}
{"timestamp":"2026-07-30T08:38:40.631Z","level":"LOG","message":"- 28mm / 500ml Noni Green: marketSegments = Food & Beverages,Home Care"}
{"timestamp":"2026-07-30T08:38:40.632Z","level":"LOG","message":"- 28mm / 500ml Glass Cleaner: marketSegments = Home Care,Industrial"}
{"timestamp":"2026-07-30T08:38:40.632Z","level":"LOG","message":"- 28mm / 450ml Pharma: marketSegments = Pharmaceutical,Personal Care,Industrial"}
{"timestamp":"2026-07-30T08:38:40.632Z","level":"LOG","message":"- 28mm / 200ml MW: marketSegments = Food & Beverages"}
{"timestamp":"2026-07-30T08:38:40.632Z","level":"LOG","message":"- 73mm / 500ml Matka: marketSegments = Personal Care,Food & Beverages,Home Care"}
{"timestamp":"2026-07-30T08:38:40.632Z","level":"LOG","message":"- 25mm / 200ml Brute: marketSegments = Pharmaceutical,Home Care,Industrial"}
{"timestamp":"2026-07-30T08:38:40.632Z","level":"LOG","message":"- 19mm / 100ml Square: marketSegments = Personal Care,Food & Beverages,Home Care"}
{"timestamp":"2026-07-30T08:38:40.632Z","level":"LOG","message":"- 19mm / 50ml Round: marketSegments = Home Care,Personal Care,Food & Beverages"}
{"timestamp":"2026-07-30T08:38:40.647Z","level":"LOG","message":"GET /api/products/categories"}
{"timestamp":"2026-07-30T08:38:40.708Z","level":"LOG","message":"GET /uploads/1785210975309-19mm%20-%2050ml%20Round%20Clear.jpg"}
{"timestamp":"2026-07-30T08:38:40.710Z","level":"LOG","message":"GET /uploads/1785318378861-28mm%20-%20500ml%20Glass%20Cleaner%20Clear.jpg"}
{"timestamp":"2026-07-30T08:38:40.711Z","level":"LOG","message":"GET /uploads/1785320299153-28mm%20-%201000ml%20Square%20New%20Op%20White.jpg"}
{"timestamp":"2026-07-30T08:38:40.716Z","level":"LOG","message":"GET /uploads/1785211170990-19mm%20-%20100ml%20Square%20Clear.jpg"}
{"timestamp":"2026-07-30T08:38:40.717Z","level":"LOG","message":"GET /uploads/1785315265266-28mm%20-%20200ml%20MW%20Clear.jpg"}
{"timestamp":"2026-07-30T08:38:40.717Z","level":"LOG","message":"GET /uploads/1785211587586-73mm%20-%20500ml%20Matka%20Clear.jpg"}
{"timestamp":"2026-07-30T08:38:40.718Z","level":"LOG","message":"GET /uploads/1785318549138-28mm%20-%20500ml%20Noni%20Green.jpg"}
{"timestamp":"2026-07-30T08:38:53.142Z","level":"LOG","message":"GET /api/products?category=Bottles"}
{"timestamp":"2026-07-30T08:38:53.150Z","level":"LOG","message":"- 28mm / 1000ml Square New: marketSegments = Food & Beverages,Home Care,Industrial"}
{"timestamp":"2026-07-30T08:38:53.150Z","level":"LOG","message":"- 28mm / 500ml Noni Green: marketSegments = Food & Beverages,Home Care"}
{"timestamp":"2026-07-30T08:38:53.150Z","level":"LOG","message":"- 28mm / 500ml Glass Cleaner: marketSegments = Home Care,Industrial"}
{"timestamp":"2026-07-30T08:38:53.150Z","level":"LOG","message":"- 28mm / 450ml Pharma: marketSegments = Pharmaceutical,Personal Care,Industrial"}
{"timestamp":"2026-07-30T08:38:53.150Z","level":"LOG","message":"- 28mm / 200ml MW: marketSegments = Food & Beverages"}
{"timestamp":"2026-07-30T08:38:53.150Z","level":"LOG","message":"- 25mm / 200ml Brute: marketSegments = Pharmaceutical,Home Care,Industrial"}
{"timestamp":"2026-07-30T08:38:53.150Z","level":"LOG","message":"- 19mm / 100ml Square: marketSegments = Personal Care,Food & Beverages,Home Care"}
{"timestamp":"2026-07-30T08:38:53.150Z","level":"LOG","message":"- 19mm / 50ml Round: marketSegments = Home Care,Personal Care,Food & Beverages"}
{"timestamp":"2026-07-30T08:38:54.455Z","level":"LOG","message":"GET /api/products?category=Caps"}
{"timestamp":"2026-07-30T08:38:55.430Z","level":"LOG","message":"GET /api/products?category=Jars"}
{"timestamp":"2026-07-30T08:38:55.436Z","level":"LOG","message":"- 73mm / 500ml Matka: marketSegments = Personal Care,Food & Beverages,Home Care"}
{"timestamp":"2026-07-30T08:38:55.469Z","level":"LOG","message":"GET /uploads/1785211587586-73mm%20-%20500ml%20Matka%20Clear.jpg"}
{"timestamp":"2026-07-30T08:38:56.368Z","level":"LOG","message":"GET /api/products?category=Preforms"}
{"timestamp":"2026-07-30T08:38:57.487Z","level":"LOG","message":"GET /api/products?category=Caps"}
{"timestamp":"2026-07-30T08:38:58.282Z","level":"LOG","message":"GET /api/products?category=Bottles"}
{"timestamp":"2026-07-30T08:38:58.288Z","level":"LOG","message":"- 28mm / 1000ml Square New: marketSegments = Food & Beverages,Home Care,Industrial"}
{"timestamp":"2026-07-30T08:38:58.288Z","level":"LOG","message":"- 28mm / 500ml Noni Green: marketSegments = Food & Beverages,Home Care"}
{"timestamp":"2026-07-30T08:38:58.288Z","level":"LOG","message":"- 28mm / 500ml Glass Cleaner: marketSegments = Home Care,Industrial"}
{"timestamp":"2026-07-30T08:38:58.288Z","level":"LOG","message":"- 28mm / 450ml Pharma: marketSegments = Pharmaceutical,Personal Care,Industrial"}
{"timestamp":"2026-07-30T08:38:58.288Z","level":"LOG","message":"- 28mm / 200ml MW: marketSegments = Food & Beverages"}
{"timestamp":"2026-07-30T08:38:58.288Z","level":"LOG","message":"- 25mm / 200ml Brute: marketSegments = Pharmaceutical,Home Care,Industrial"}
{"timestamp":"2026-07-30T08:38:58.288Z","level":"LOG","message":"- 19mm / 100ml Square: marketSegments = Personal Care,Food & Beverages,Home Care"}
{"timestamp":"2026-07-30T08:38:58.288Z","level":"LOG","message":"- 19mm / 50ml Round: marketSegments = Home Care,Personal Care,Food & Beverages"}
{"timestamp":"2026-07-30T08:38:59.612Z","level":"LOG","message":"GET /api/products"}
{"timestamp":"2026-07-30T08:38:59.618Z","level":"LOG","message":"- 28mm / 1000ml Square New: marketSegments = Food & Beverages,Home Care,Industrial"}
{"timestamp":"2026-07-30T08:38:59.618Z","level":"LOG","message":"- 28mm / 500ml Noni Green: marketSegments = Food & Beverages,Home Care"}
{"timestamp":"2026-07-30T08:38:59.618Z","level":"LOG","message":"- 28mm / 500ml Glass Cleaner: marketSegments = Home Care,Industrial"}
{"timestamp":"2026-07-30T08:38:59.618Z","level":"LOG","message":"- 28mm / 450ml Pharma: marketSegments = Pharmaceutical,Personal Care,Industrial"}
{"timestamp":"2026-07-30T08:38:59.618Z","level":"LOG","message":"- 28mm / 200ml MW: marketSegments = Food & Beverages"}
{"timestamp":"2026-07-30T08:38:59.619Z","level":"LOG","message":"- 73mm / 500ml Matka: marketSegments = Personal Care,Food & Beverages,Home Care"}
{"timestamp":"2026-07-30T08:38:59.619Z","level":"LOG","message":"- 25mm / 200ml Brute: marketSegments = Pharmaceutical,Home Care,Industrial"}
{"timestamp":"2026-07-30T08:38:59.619Z","level":"LOG","message":"- 19mm / 100ml Square: marketSegments = Personal Care,Food & Beverages,Home Care"}
{"timestamp":"2026-07-30T08:38:59.619Z","level":"LOG","message":"- 19mm / 50ml Round: marketSegments = Home Care,Personal Care,Food & Beverages"}
{"timestamp":"2026-07-30T08:38:59.670Z","level":"LOG","message":"GET /uploads/1785211587586-73mm%20-%20500ml%20Matka%20Clear.jpg"}
{"timestamp":"2026-07-30T08:39:19.964Z","level":"LOG","message":"GET /api/products"}
{"timestamp":"2026-07-30T08:39:19.969Z","level":"LOG","message":"GET /favicon.svg"}
{"timestamp":"2026-07-30T08:39:19.971Z","level":"LOG","message":"- 28mm / 1000ml Square New: marketSegments = Food & Beverages,Home Care,Industrial"}
{"timestamp":"2026-07-30T08:39:19.971Z","level":"LOG","message":"- 28mm / 500ml Noni Green: marketSegments = Food & Beverages,Home Care"}
{"timestamp":"2026-07-30T08:39:19.971Z","level":"LOG","message":"- 28mm / 500ml Glass Cleaner: marketSegments = Home Care,Industrial"}
{"timestamp":"2026-07-30T08:39:19.971Z","level":"LOG","message":"- 28mm / 450ml Pharma: marketSegments = Pharmaceutical,Personal Care,Industrial"}
{"timestamp":"2026-07-30T08:39:19.971Z","level":"LOG","message":"- 28mm / 200ml MW: marketSegments = Food & Beverages"}
{"timestamp":"2026-07-30T08:39:19.971Z","level":"LOG","message":"- 73mm / 500ml Matka: marketSegments = Personal Care,Food & Beverages,Home Care"}
{"timestamp":"2026-07-30T08:39:19.971Z","level":"LOG","message":"- 25mm / 200ml Brute: marketSegments = Pharmaceutical,Home Care,Industrial"}
{"timestamp":"2026-07-30T08:39:19.971Z","level":"LOG","message":"- 19mm / 100ml Square: marketSegments = Personal Care,Food & Beverages,Home Care"}
{"timestamp":"2026-07-30T08:39:19.971Z","level":"LOG","message":"- 19mm / 50ml Round: marketSegments = Home Care,Personal Care,Food & Beverages"}
{"timestamp":"2026-07-30T08:39:22.373Z","level":"LOG","message":"GET /api/products/neck-sizes"}
{"timestamp":"2026-07-30T08:39:22.376Z","level":"LOG","message":"GET /api/products/categories"}
{"timestamp":"2026-07-30T08:39:22.377Z","level":"LOG","message":"GET /api/products"}
{"timestamp":"2026-07-30T08:39:22.383Z","level":"LOG","message":"- 28mm / 1000ml Square New: marketSegments = Food & Beverages,Home Care,Industrial"}
{"timestamp":"2026-07-30T08:39:22.384Z","level":"LOG","message":"- 28mm / 500ml Noni Green: marketSegments = Food & Beverages,Home Care"}
{"timestamp":"2026-07-30T08:39:22.384Z","level":"LOG","message":"- 28mm / 500ml Glass Cleaner: marketSegments = Home Care,Industrial"}
{"timestamp":"2026-07-30T08:39:22.384Z","level":"LOG","message":"- 28mm / 450ml Pharma: marketSegments = Pharmaceutical,Personal Care,Industrial"}
{"timestamp":"2026-07-30T08:39:22.384Z","level":"LOG","message":"- 28mm / 200ml MW: marketSegments = Food & Beverages"}
{"timestamp":"2026-07-30T08:39:22.384Z","level":"LOG","message":"- 73mm / 500ml Matka: marketSegments = Personal Care,Food & Beverages,Home Care"}
{"timestamp":"2026-07-30T08:39:22.384Z","level":"LOG","message":"- 25mm / 200ml Brute: marketSegments = Pharmaceutical,Home Care,Industrial"}
{"timestamp":"2026-07-30T08:39:22.384Z","level":"LOG","message":"- 19mm / 100ml Square: marketSegments = Personal Care,Food & Beverages,Home Care"}
{"timestamp":"2026-07-30T08:39:22.384Z","level":"LOG","message":"- 19mm / 50ml Round: marketSegments = Home Care,Personal Care,Food & Beverages"}
{"timestamp":"2026-07-30T08:39:22.394Z","level":"LOG","message":"GET /favicon.svg"}
{"timestamp":"2026-07-30T08:39:22.400Z","level":"LOG","message":"GET /api/products/categories"}
{"timestamp":"2026-07-30T08:41:03.542Z","level":"LOG","message":"GET /api/products?category=Bottles"}
{"timestamp":"2026-07-30T08:41:03.551Z","level":"LOG","message":"- 28mm / 1000ml Square New: marketSegments = Food & Beverages,Home Care,Industrial"}
{"timestamp":"2026-07-30T08:41:03.551Z","level":"LOG","message":"- 28mm / 500ml Noni Green: marketSegments = Food & Beverages,Home Care"}
{"timestamp":"2026-07-30T08:41:03.551Z","level":"LOG","message":"- 28mm / 500ml Glass Cleaner: marketSegments = Home Care,Industrial"}
{"timestamp":"2026-07-30T08:41:03.551Z","level":"LOG","message":"- 28mm / 450ml Pharma: marketSegments = Pharmaceutical,Personal Care,Industrial"}
{"timestamp":"2026-07-30T08:41:03.551Z","level":"LOG","message":"- 28mm / 200ml MW: marketSegments = Food & Beverages"}
{"timestamp":"2026-07-30T08:41:03.551Z","level":"LOG","message":"- 25mm / 200ml Brute: marketSegments = Pharmaceutical,Home Care,Industrial"}
{"timestamp":"2026-07-30T08:41:03.551Z","level":"LOG","message":"- 19mm / 100ml Square: marketSegments = Personal Care,Food & Beverages,Home Care"}
{"timestamp":"2026-07-30T08:41:03.551Z","level":"LOG","message":"- 19mm / 50ml Round: marketSegments = Home Care,Personal Care,Food & Beverages"}
{"timestamp":"2026-07-30T08:41:04.129Z","level":"LOG","message":"GET /api/products?category=Caps"}
{"timestamp":"2026-07-30T08:41:05.597Z","level":"LOG","message":"GET /api/products?category=Jars"}
{"timestamp":"2026-07-30T08:41:05.603Z","level":"LOG","message":"- 73mm / 500ml Matka: marketSegments = Personal Care,Food & Beverages,Home Care"}
{"timestamp":"2026-07-30T08:41:06.549Z","level":"LOG","message":"GET /api/products?category=Preforms"}
{"timestamp":"2026-07-30T08:41:07.561Z","level":"LOG","message":"GET /api/products"}
{"timestamp":"2026-07-30T08:41:07.566Z","level":"LOG","message":"- 28mm / 1000ml Square New: marketSegments = Food & Beverages,Home Care,Industrial"}
{"timestamp":"2026-07-30T08:41:07.566Z","level":"LOG","message":"- 28mm / 500ml Noni Green: marketSegments = Food & Beverages,Home Care"}
{"timestamp":"2026-07-30T08:41:07.566Z","level":"LOG","message":"- 28mm / 500ml Glass Cleaner: marketSegments = Home Care,Industrial"}
{"timestamp":"2026-07-30T08:41:07.566Z","level":"LOG","message":"- 28mm / 450ml Pharma: marketSegments = Pharmaceutical,Personal Care,Industrial"}
{"timestamp":"2026-07-30T08:41:07.566Z","level":"LOG","message":"- 28mm / 200ml MW: marketSegments = Food & Beverages"}
{"timestamp":"2026-07-30T08:41:07.566Z","level":"LOG","message":"- 73mm / 500ml Matka: marketSegments = Personal Care,Food & Beverages,Home Care"}
{"timestamp":"2026-07-30T08:41:07.566Z","level":"LOG","message":"- 25mm / 200ml Brute: marketSegments = Pharmaceutical,Home Care,Industrial"}
{"timestamp":"2026-07-30T08:41:07.566Z","level":"LOG","message":"- 19mm / 100ml Square: marketSegments = Personal Care,Food & Beverages,Home Care"}
{"timestamp":"2026-07-30T08:41:07.566Z","level":"LOG","message":"- 19mm / 50ml Round: marketSegments = Home Care,Personal Care,Food & Beverages"}
{"timestamp":"2026-07-30T08:41:07.624Z","level":"LOG","message":"GET /uploads/1785320299153-28mm%20-%201000ml%20Square%20New%20Op%20White.jpg"}
{"timestamp":"2026-07-30T08:41:07.641Z","level":"LOG","message":"GET /uploads/1785211170990-19mm%20-%20100ml%20Square%20Clear.jpg"}
{"timestamp":"2026-07-30T08:41:07.700Z","level":"LOG","message":"GET /uploads/1785315265266-28mm%20-%20200ml%20MW%20Clear.jpg"}
{"timestamp":"2026-07-30T08:41:07.701Z","level":"LOG","message":"GET /uploads/1785315592982-28mm%20-%20450ml%20Pharma%20Amber.jpg"}
{"timestamp":"2026-07-30T08:41:07.703Z","level":"LOG","message":"GET /uploads/1785318378861-28mm%20-%20500ml%20Glass%20Cleaner%20Clear.jpg"}
{"timestamp":"2026-07-30T08:41:07.704Z","level":"LOG","message":"GET /uploads/1785318549138-28mm%20-%20500ml%20Noni%20Green.jpg"}
{"timestamp":"2026-07-30T08:41:07.705Z","level":"LOG","message":"GET /uploads/1785210975309-19mm%20-%2050ml%20Round%20Clear.jpg"}
{"timestamp":"2026-07-30T08:41:07.706Z","level":"LOG","message":"GET /uploads/1785211386441-25mm%20-%20200ml%20Brute%20Clear.jpg"}
{"timestamp":"2026-07-30T08:41:09.864Z","level":"LOG","message":"GET /api/products?category=Caps"}
{"timestamp":"2026-07-30T08:41:09.928Z","level":"LOG","message":"GET /api/products?category=Jars"}
{"timestamp":"2026-07-30T08:41:09.969Z","level":"LOG","message":"- 73mm / 500ml Matka: marketSegments = Personal Care,Food & Beverages,Home Care"}
{"timestamp":"2026-07-30T08:41:10.585Z","level":"LOG","message":"GET /uploads/1785211587586-73mm%20-%20500ml%20Matka%20Clear.jpg"}
{"timestamp":"2026-07-30T08:41:10.661Z","level":"LOG","message":"GET /api/products?category=Bottles"}
{"timestamp":"2026-07-30T08:41:10.704Z","level":"LOG","message":"- 28mm / 1000ml Square New: marketSegments = Food & Beverages,Home Care,Industrial"}
{"timestamp":"2026-07-30T08:41:10.704Z","level":"LOG","message":"- 28mm / 500ml Noni Green: marketSegments = Food & Beverages,Home Care"}
{"timestamp":"2026-07-30T08:41:10.704Z","level":"LOG","message":"- 28mm / 500ml Glass Cleaner: marketSegments = Home Care,Industrial"}
{"timestamp":"2026-07-30T08:41:10.704Z","level":"LOG","message":"- 28mm / 450ml Pharma: marketSegments = Pharmaceutical,Personal Care,Industrial"}
{"timestamp":"2026-07-30T08:41:10.704Z","level":"LOG","message":"- 28mm / 200ml MW: marketSegments = Food & Beverages"}
{"timestamp":"2026-07-30T08:41:10.704Z","level":"LOG","message":"- 25mm / 200ml Brute: marketSegments = Pharmaceutical,Home Care,Industrial"}
{"timestamp":"2026-07-30T08:41:10.704Z","level":"LOG","message":"- 19mm / 100ml Square: marketSegments = Personal Care,Food & Beverages,Home Care"}
{"timestamp":"2026-07-30T08:41:10.704Z","level":"LOG","message":"- 19mm / 50ml Round: marketSegments = Home Care,Personal Care,Food & Beverages"}
{"timestamp":"2026-07-30T08:41:10.950Z","level":"LOG","message":"GET /uploads/1785211386441-25mm%20-%20200ml%20Brute%20Clear.jpg"}
{"timestamp":"2026-07-30T08:41:10.952Z","level":"LOG","message":"GET /uploads/1785210975309-19mm%20-%2050ml%20Round%20Clear.jpg"}
{"timestamp":"2026-07-30T08:41:10.955Z","level":"LOG","message":"GET /uploads/1785315265266-28mm%20-%20200ml%20MW%20Clear.jpg"}
{"timestamp":"2026-07-30T08:41:10.956Z","level":"LOG","message":"GET /uploads/1785320299153-28mm%20-%201000ml%20Square%20New%20Op%20White.jpg"}
{"timestamp":"2026-07-30T08:41:11.268Z","level":"LOG","message":"GET /uploads/1785318549138-28mm%20-%20500ml%20Noni%20Green.jpg"}
{"timestamp":"2026-07-30T08:41:11.296Z","level":"LOG","message":"GET /uploads/1785211170990-19mm%20-%20100ml%20Square%20Clear.jpg"}
{"timestamp":"2026-07-30T08:41:11.296Z","level":"LOG","message":"GET /uploads/1785318378861-28mm%20-%20500ml%20Glass%20Cleaner%20Clear.jpg"}
{"timestamp":"2026-07-30T08:41:11.296Z","level":"LOG","message":"GET /uploads/1785315592982-28mm%20-%20450ml%20Pharma%20Amber.jpg"}
{"timestamp":"2026-07-30T08:41:11.743Z","level":"LOG","message":"GET /api/products?category=Jars"}
{"timestamp":"2026-07-30T08:41:11.752Z","level":"LOG","message":"- 73mm / 500ml Matka: marketSegments = Personal Care,Food & Beverages,Home Care"}
{"timestamp":"2026-07-30T08:41:12.059Z","level":"LOG","message":"GET /uploads/1785211587586-73mm%20-%20500ml%20Matka%20Clear.jpg"}
{"timestamp":"2026-07-30T08:41:12.365Z","level":"LOG","message":"GET /api/products?category=Preforms"}
{"timestamp":"2026-07-30T08:41:14.867Z","level":"LOG","message":"GET /api/products"}
{"timestamp":"2026-07-30T08:41:14.873Z","level":"LOG","message":"- 28mm / 1000ml Square New: marketSegments = Food & Beverages,Home Care,Industrial"}
{"timestamp":"2026-07-30T08:41:14.873Z","level":"LOG","message":"- 28mm / 500ml Noni Green: marketSegments = Food & Beverages,Home Care"}
{"timestamp":"2026-07-30T08:41:14.873Z","level":"LOG","message":"- 28mm / 500ml Glass Cleaner: marketSegments = Home Care,Industrial"}
{"timestamp":"2026-07-30T08:41:14.873Z","level":"LOG","message":"- 28mm / 450ml Pharma: marketSegments = Pharmaceutical,Personal Care,Industrial"}
{"timestamp":"2026-07-30T08:41:14.874Z","level":"LOG","message":"- 28mm / 200ml MW: marketSegments = Food & Beverages"}
{"timestamp":"2026-07-30T08:41:14.874Z","level":"LOG","message":"- 73mm / 500ml Matka: marketSegments = Personal Care,Food & Beverages,Home Care"}
{"timestamp":"2026-07-30T08:41:14.874Z","level":"LOG","message":"- 25mm / 200ml Brute: marketSegments = Pharmaceutical,Home Care,Industrial"}
{"timestamp":"2026-07-30T08:41:14.874Z","level":"LOG","message":"- 19mm / 100ml Square: marketSegments = Personal Care,Food & Beverages,Home Care"}
{"timestamp":"2026-07-30T08:41:14.874Z","level":"LOG","message":"- 19mm / 50ml Round: marketSegments = Home Care,Personal Care,Food & Beverages"}
{"timestamp":"2026-07-30T08:44:08.599Z","level":"LOG","message":"GET /favicon.svg"}
{"timestamp":"2026-07-30T08:47:43.271Z","level":"LOG","message":"GET /?nocache=1785401263.0147"}
